"A Low Cost, Open Source Geiger Counter (Video)",http://rss.slashdot.org/~r/Slashdot/slashdot/~3/MzcyhaSMZAM/story01.htm,"Sawaiz Syed's LinkedIn page says he's a ""Hardware Developer at GSU [Georgia State University], Department of Physics."" That's a great workplace for someone who designs low cost radiation detectors that can be air-dropped into an area where there has been a nuclear accident (or a nuclear attack; or a nuclear terrorist act) and read remotely by a flying drone or a robot ground vehicle. This isn't Sawaiz's only project; it's just the one Timothy asked him about most at the recent Maker Faire Atlanta. (Alternate Video Link)<p><div class=""share_submission"" style=""position:relative;""> <a class=""slashpop"" href=""http://twitter.com/home?status=A+Low+Cost%2C+Open+Source+Geiger+Counter+(Video)%3A+http%3A%2F%2Fbit.ly%2F1ruB3YE""><img src=""http://a.fsdn.com/sd/twitter_icon_large.png""></a> <a class=""slashpop"" href=""http://www.facebook.com/sharer.php?u=http%3A%2F%2Fbuild.slashdot.org%2Fstory%2F14%2F10%2F24%2F1832257%2Fa-low-cost-open-source-geiger-counter-video%3Futm_source%3Dslashdot%26utm_medium%3Dfacebook""><img src=""http://a.fsdn.com/sd/facebook_icon_large.png""></a> <a class=""nobg"" href=""http://plus.google.com/share?url=http://build.slashdot.org/story/14/10/24/1832257/a-low-cost-open-source-geiger-counter-video?utm_source=slashdot&amp;utm_medium=googleplus"" onclick=""javascript:window.open(this.href,'', 'menubar=no,toolbar=no,resizable=yes,scrollbars=yes,height=600,width=600');return false;""><img src=""http://www.gstatic.com/images/icons/gplus-16.png"" alt=""Share on Google+""/></a> </div></p><p><a href=""http://build.slashdot.org/story/14/10/24/1832257/a-low-cost-open-source-geiger-counter-video?utm_source=rss1.0moreanon&amp;utm_medium=feed"">Read more of this story</a> at Slashdot.</p><iframe src=""http://slashdot.org/slashdot-it.pl?op=discuss&amp;id=5868301&amp;smallembed=1"" style=""height: 300px; width: 100%; border: none;""></iframe><img width='1' height='1' src='http://slashdot.feedsportal.com/c/35028/f/647410/s/3fce106d/sc/8/mf.gif' border='0'/><br clear='all'/><br/><br/><a href=""http://da.feedsportal.com/r/211596827973/u/49/f/647410/c/35028/s/3fce106d/sc/8/rc/1/rc.htm"" rel=""nofollow""><img src=""http://da.feedsportal.com/r/211596827973/u/49/f/647410/c/35028/s/3fce106d/sc/8/rc/1/rc.img"" border=""0""/></a><br/><a href=""http://da.feedsportal.com/r/211596827973/u/49/f/647410/c/35028/s/3fce106d/sc/8/rc/2/rc.htm"" rel=""nofollow""><img src=""http://da.feedsportal.com/r/211596827973/u/49/f/647410/c/35028/s/3fce106d/sc/8/rc/2/rc.img"" border=""0""/></a><br/><a href=""http://da.feedsportal.com/r/211596827973/u/49/f/647410/c/35028/s/3fce106d/sc/8/rc/3/rc.htm"" rel=""nofollow""><img src=""http://da.feedsportal.com/r/211596827973/u/49/f/647410/c/35028/s/3fce106d/sc/8/rc/3/rc.img"" border=""0""/></a><br/><br/><a href=""http://da.feedsportal.com/r/211596827973/u/49/f/647410/c/35028/s/3fce106d/sc/8/a2.htm""><img src=""http://da.feedsportal.com/r/211596827973/u/49/f/647410/c/35028/s/3fce106d/sc/8/a2.img"" border=""0""/></a><img width=""1"" height=""1"" src=""http://pi.feedsportal.com/r/211596827973/u/49/f/647410/c/35028/s/3fce106d/sc/8/a2t.img"" border=""0""/><img src=""http://feeds.feedburner.com/~r/Slashdot/slashdot/~4/MzcyhaSMZAM"" height=""1"" width=""1""/>"
A New Edition of The Journal of Medical Ethics is Available (bioethicscom),http://news.feedzilla.com/en_us/stories/science/405867438?client_source=api&format=json,"The Journal for Medical Ethics (Vol. 40, No. 10, October 2014) is now
available online by subscription only. Articles include: ""Why philosophy is
important to medical ethics"" by Julian Savulescu ""Anaesthesia, amnesia and
harm"" by Walter Glannon ""Fiddling with memory"" by Andrew Davidson ""Minimizing
… Read More

"
"Alan Eustace Jumps From Stratosphere, Breaking Felix Baumgartner’s World Record (NY Times)",http://news.feedzilla.com/en_us/stories/science/405928522?client_source=api&format=json,"A helium-filled balloon lifted Alan Eustace, a Google executive, to more than
25 miles above the earth. Fifteen minutes after he cut himself loose, he was
on the ground.







"
Assange: Google Is Not What It Seems,http://rss.slashdot.org/~r/Slashdot/slashdot/~3/mQ4PqVJFvzE/story01.htm,"oxide7 (1013325) writes ""In June 2011, Julian Assange received an unusual visitor: the chairman of Google, Eric Schmidt. They outlined radically opposing perspectives: for Assange, the liberating power of the Internet is based on its freedom and statelessness. For Schmidt, emancipation is at one with U.S. foreign policy objectives and is driven by connecting non-Western countries to Western companies and markets. These differences embodied a tug-of-war over the Internet's future that has only gathered force subsequently. Assange describes his encounter with Schmidt and how he came to conclude that it was far from an innocent exchange of views.""<p><div class=""share_submission"" style=""position:relative;""> <a class=""slashpop"" href=""http://twitter.com/home?status=Assange%3A+Google+Is+Not+What+It+Seems%3A+http%3A%2F%2Fbit.ly%2F1zmI7j0""><img src=""http://a.fsdn.com/sd/twitter_icon_large.png""></a> <a class=""slashpop"" href=""http://www.facebook.com/sharer.php?u=http%3A%2F%2Fsearch.slashdot.org%2Fstory%2F14%2F10%2F23%2F2048238%2Fassange-google-is-not-what-it-seems%3Futm_source%3Dslashdot%26utm_medium%3Dfacebook""><img src=""http://a.fsdn.com/sd/facebook_icon_large.png""></a> <a class=""nobg"" href=""http://plus.google.com/share?url=http://search.slashdot.org/story/14/10/23/2048238/assange-google-is-not-what-it-seems?utm_source=slashdot&amp;utm_medium=googleplus"" onclick=""javascript:window.open(this.href,'', 'menubar=no,toolbar=no,resizable=yes,scrollbars=yes,height=600,width=600');return false;""><img src=""http://www.gstatic.com/images/icons/gplus-16.png"" alt=""Share on Google+""/></a> </div></p><p><a href=""http://search.slashdot.org/story/14/10/23/2048238/assange-google-is-not-what-it-seems?utm_source=rss1.0moreanon&amp;utm_medium=feed"">Read more of this story</a> at Slashdot.</p><iframe src=""http://slashdot.org/slashdot-it.pl?op=discuss&amp;id=5864891&amp;smallembed=1"" style=""height: 300px; width: 100%; border: none;""></iframe><img width='1' height='1' src='http://slashdot.feedsportal.com/c/35028/f/647410/s/3fc4bd2d/sc/1/mf.gif' border='0'/><br clear='all'/><br/><br/><a href=""http://da.feedsportal.com/r/211596817894/u/49/f/647410/c/35028/s/3fc4bd2d/sc/1/rc/1/rc.htm"" rel=""nofollow""><img src=""http://da.feedsportal.com/r/211596817894/u/49/f/647410/c/35028/s/3fc4bd2d/sc/1/rc/1/rc.img"" border=""0""/></a><br/><a href=""http://da.feedsportal.com/r/211596817894/u/49/f/647410/c/35028/s/3fc4bd2d/sc/1/rc/2/rc.htm"" rel=""nofollow""><img src=""http://da.feedsportal.com/r/211596817894/u/49/f/647410/c/35028/s/3fc4bd2d/sc/1/rc/2/rc.img"" border=""0""/></a><br/><a href=""http://da.feedsportal.com/r/211596817894/u/49/f/647410/c/35028/s/3fc4bd2d/sc/1/rc/3/rc.htm"" rel=""nofollow""><img src=""http://da.feedsportal.com/r/211596817894/u/49/f/647410/c/35028/s/3fc4bd2d/sc/1/rc/3/rc.img"" border=""0""/></a><br/><br/><a href=""http://da.feedsportal.com/r/211596817894/u/49/f/647410/c/35028/s/3fc4bd2d/sc/1/a2.htm""><img src=""http://da.feedsportal.com/r/211596817894/u/49/f/647410/c/35028/s/3fc4bd2d/sc/1/a2.img"" border=""0""/></a><img width=""1"" height=""1"" src=""http://pi.feedsportal.com/r/211596817894/u/49/f/647410/c/35028/s/3fc4bd2d/sc/1/a2t.img"" border=""0""/><img src=""http://feeds.feedburner.com/~r/Slashdot/slashdot/~4/mQ4PqVJFvzE"" height=""1"" width=""1""/>"
"Automation Coming To Restaurants, But Not Because of Minimum Wage Hikes",http://rss.slashdot.org/~r/Slashdot/slashdot/~3/nHScRNt8W3k/story01.htm,"dcblogs writes: McDonald's this week told financial analysts of its plans to install self-ordering kiosks and mobile ordering at its restaurants. This news prompted the Wall Street Journal to editorialize, in "" Minimum Wage Backfire,"" that while it may be true for McDonald's to say that its tech plans will improve customer experience, the move is also ""a convenient way...to justify a reduction in the chain's global workforce."" Minimum wage increase advocates, the Journal argued, are speeding along an automation backlash. But banks have long relied on ATMs, and grocery stores, including Walmart, have deployed self-service checkouts. In contrast, McDonald's hasn't changed its basic system of taking orders since its founding in the 1950s, said Darren Tristano, executive vice president of Technomic, a research group focused on the restaurant industry. While mobile, kiosks and table ordering systems may help reduce labor costs, the automated self-serve technology is seen as an essential. It will take the stress out of ordering (lines) at fast food restaurants, and the wait for checks at more casual restaurants. It also helps with upselling and membership to loyalty programs. People who can order a drink refill off a tablet, instead of waving down waitstaff, may be more inclined to do so. Moreover, analysts say younger customers want self-service options.<p><div class=""share_submission"" style=""position:relative;""> <a class=""slashpop"" href=""http://twitter.com/home?status=Automation+Coming+To+Restaurants%2C+But+Not+Because+of+Minimum+Wage+Hikes%3A+http%3A%2F%2Fbit.ly%2F1tjhmZE""><img src=""http://a.fsdn.com/sd/twitter_icon_large.png""></a> <a class=""slashpop"" href=""http://www.facebook.com/sharer.php?u=http%3A%2F%2Fhardware.slashdot.org%2Fstory%2F14%2F10%2F24%2F1344243%2Fautomation-coming-to-restaurants-but-not-because-of-minimum-wage-hikes%3Futm_source%3Dslashdot%26utm_medium%3Dfacebook""><img src=""http://a.fsdn.com/sd/facebook_icon_large.png""></a> <a class=""nobg"" href=""http://plus.google.com/share?url=http://hardware.slashdot.org/story/14/10/24/1344243/automation-coming-to-restaurants-but-not-because-of-minimum-wage-hikes?utm_source=slashdot&amp;utm_medium=googleplus"" onclick=""javascript:window.open(this.href,'', 'menubar=no,toolbar=no,resizable=yes,scrollbars=yes,height=600,width=600');return false;""><img src=""http://www.gstatic.com/images/icons/gplus-16.png"" alt=""Share on Google+""/></a> </div></p><p><a href=""http://hardware.slashdot.org/story/14/10/24/1344243/automation-coming-to-restaurants-but-not-because-of-minimum-wage-hikes?utm_source=rss1.0moreanon&amp;utm_medium=feed"">Read more of this story</a> at Slashdot.</p><iframe src=""http://slashdot.org/slashdot-it.pl?op=discuss&amp;id=5867475&amp;smallembed=1"" style=""height: 300px; width: 100%; border: none;""></iframe><img width='1' height='1' src='http://slashdot.feedsportal.com/c/35028/f/647410/s/3fcbad89/sc/36/mf.gif' border='0'/><br clear='all'/><br/><br/><a href=""http://da.feedsportal.com/r/211596818285/u/49/f/647410/c/35028/s/3fcbad89/sc/36/rc/1/rc.htm"" rel=""nofollow""><img src=""http://da.feedsportal.com/r/211596818285/u/49/f/647410/c/35028/s/3fcbad89/sc/36/rc/1/rc.img"" border=""0""/></a><br/><a href=""http://da.feedsportal.com/r/211596818285/u/49/f/647410/c/35028/s/3fcbad89/sc/36/rc/2/rc.htm"" rel=""nofollow""><img src=""http://da.feedsportal.com/r/211596818285/u/49/f/647410/c/35028/s/3fcbad89/sc/36/rc/2/rc.img"" border=""0""/></a><br/><a href=""http://da.feedsportal.com/r/211596818285/u/49/f/647410/c/35028/s/3fcbad89/sc/36/rc/3/rc.htm"" rel=""nofollow""><img src=""http://da.feedsportal.com/r/211596818285/u/49/f/647410/c/35028/s/3fcbad89/sc/36/rc/3/rc.img"" border=""0""/></a><br/><br/><a href=""http://da.feedsportal.com/r/211596818285/u/49/f/647410/c/35028/s/3fcbad89/sc/36/a2.htm""><img src=""http://da.feedsportal.com/r/211596818285/u/49/f/647410/c/35028/s/3fcbad89/sc/36/a2.img"" border=""0""/></a><img width=""1"" height=""1"" src=""http://pi.feedsportal.com/r/211596818285/u/49/f/647410/c/35028/s/3fcbad89/sc/36/a2t.img"" border=""0""/><img src=""http://feeds.feedburner.com/~r/Slashdot/slashdot/~4/nHScRNt8W3k"" height=""1"" width=""1""/>"
British Army Looking For Gamers For Their Smart-Tanks,http://rss.slashdot.org/~r/Slashdot/slashdot/~3/ir_CAOC8TJE/story01.htm,"concertina226 writes The U.K. branch of global defense firm General Dynamics is working on a futuristic state-of-the-art smart-tank to replace the British Army's aging armored vehicle fleet, to be delivered to the Ministry of Defense in 2020. The Scout SV armored vehicle is the first fully-digitized armored fighting vehicle to have been built for the British Army, and is far bigger and more durable than any of its existing tanks, which are now at least 20 years old. The tank comes in six variants that can be customized with a tools for different missions, and has numerous sensors, cameras, and sights to offer real-time intelligence on weather conditions, target acquisition, and reconnaissance &mdash; all crucial battlefield data required by commanders to access and direct situations. ""With the capability in the Scout SV, we're really looking for the type of people who play Xbox games &ndash; tech-savvy people who are able to take in a lot of information and process it in the proper way,"" says Kevin Connell, the vice president for General Dynamic UK's Land Systems Regiment.<p><div class=""share_submission"" style=""position:relative;""> <a class=""slashpop"" href=""http://twitter.com/home?status=British+Army+Looking+For+Gamers+For+Their+Smart-Tanks%3A+http%3A%2F%2Fbit.ly%2F1DH6QNC""><img src=""http://a.fsdn.com/sd/twitter_icon_large.png""></a> <a class=""slashpop"" href=""http://www.facebook.com/sharer.php?u=http%3A%2F%2Fnews.slashdot.org%2Fstory%2F14%2F10%2F24%2F0135246%2Fbritish-army-looking-for-gamers-for-their-smart-tanks%3Futm_source%3Dslashdot%26utm_medium%3Dfacebook""><img src=""http://a.fsdn.com/sd/facebook_icon_large.png""></a> <a class=""nobg"" href=""http://plus.google.com/share?url=http://news.slashdot.org/story/14/10/24/0135246/british-army-looking-for-gamers-for-their-smart-tanks?utm_source=slashdot&amp;utm_medium=googleplus"" onclick=""javascript:window.open(this.href,'', 'menubar=no,toolbar=no,resizable=yes,scrollbars=yes,height=600,width=600');return false;""><img src=""http://www.gstatic.com/images/icons/gplus-16.png"" alt=""Share on Google+""/></a> </div></p><p><a href=""http://news.slashdot.org/story/14/10/24/0135246/british-army-looking-for-gamers-for-their-smart-tanks?utm_source=rss1.0moreanon&amp;utm_medium=feed"">Read more of this story</a> at Slashdot.</p><iframe src=""http://slashdot.org/slashdot-it.pl?op=discuss&amp;id=5865391&amp;smallembed=1"" style=""height: 300px; width: 100%; border: none;""></iframe><img width='1' height='1' src='http://slashdot.feedsportal.com/c/35028/f/647410/s/3fc8f977/sc/46/mf.gif' border='0'/><br clear='all'/><br/><br/><a href=""http://da.feedsportal.com/r/211596807440/u/49/f/647410/c/35028/s/3fc8f977/sc/46/rc/1/rc.htm"" rel=""nofollow""><img src=""http://da.feedsportal.com/r/211596807440/u/49/f/647410/c/35028/s/3fc8f977/sc/46/rc/1/rc.img"" border=""0""/></a><br/><a href=""http://da.feedsportal.com/r/211596807440/u/49/f/647410/c/35028/s/3fc8f977/sc/46/rc/2/rc.htm"" rel=""nofollow""><img src=""http://da.feedsportal.com/r/211596807440/u/49/f/647410/c/35028/s/3fc8f977/sc/46/rc/2/rc.img"" border=""0""/></a><br/><a href=""http://da.feedsportal.com/r/211596807440/u/49/f/647410/c/35028/s/3fc8f977/sc/46/rc/3/rc.htm"" rel=""nofollow""><img src=""http://da.feedsportal.com/r/211596807440/u/49/f/647410/c/35028/s/3fc8f977/sc/46/rc/3/rc.img"" border=""0""/></a><br/><br/><a href=""http://da.feedsportal.com/r/211596807440/u/49/f/647410/c/35028/s/3fc8f977/sc/46/a2.htm""><img src=""http://da.feedsportal.com/r/211596807440/u/49/f/647410/c/35028/s/3fc8f977/sc/46/a2.img"" border=""0""/></a><img width=""1"" height=""1"" src=""http://pi.feedsportal.com/r/211596807440/u/49/f/647410/c/35028/s/3fc8f977/sc/46/a2t.img"" border=""0""/><img src=""http://feeds.feedburner.com/~r/Slashdot/slashdot/~4/ir_CAOC8TJE"" height=""1"" width=""1""/>"
"Computer Scientist Parachutes From 135,908 Feet, Breaking Record",http://rss.slashdot.org/~r/Slashdot/slashdot/~3/ufCLFU4bQ_I/story01.htm,"An anonymous reader writes: The NY Times reports that Alan Eustace, a computer scientist and senior VP at Google, has successfully broken the record for highest freefall jump, set by Felix Baumgartner in 2012. ""For a little over two hours, the balloon ascended at speeds up to 1,600 feet per minute to an altitude of 135,908 feet, more than 25 miles. Mr. Eustace dangled underneath in a specially designed spacesuit with an elaborate life-support system. He returned to earth just 15 minutes after starting his fall. ... Mr. Eustace cut himself loose from the balloon with the aid of a small explosive device and plummeted toward the earth at a speeds that peaked at more than 800 miles per hour, setting off a small sonic boom heard by observers on the ground. ... His technical team had designed a carbon-fiber attachment that kept him from becoming entangled in the main parachute before it opened. About four-and-a-half minutes into his flight, he opened the main parachute and glided to a landing 70 miles from the launch site.""<p><div class=""share_submission"" style=""position:relative;""> <a class=""slashpop"" href=""http://twitter.com/home?status=Computer+Scientist+Parachutes+From+135%2C908+Feet%2C+Breaking+Record%3A+http%3A%2F%2Fbit.ly%2FZMhhAs""><img src=""http://a.fsdn.com/sd/twitter_icon_large.png""></a> <a class=""slashpop"" href=""http://www.facebook.com/sharer.php?u=http%3A%2F%2Fnews.slashdot.org%2Fstory%2F14%2F10%2F24%2F1818230%2Fcomputer-scientist-parachutes-from-135908-feet-breaking-record%3Futm_source%3Dslashdot%26utm_medium%3Dfacebook""><img src=""http://a.fsdn.com/sd/facebook_icon_large.png""></a> <a class=""nobg"" href=""http://plus.google.com/share?url=http://news.slashdot.org/story/14/10/24/1818230/computer-scientist-parachutes-from-135908-feet-breaking-record?utm_source=slashdot&amp;utm_medium=googleplus"" onclick=""javascript:window.open(this.href,'', 'menubar=no,toolbar=no,resizable=yes,scrollbars=yes,height=600,width=600');return false;""><img src=""http://www.gstatic.com/images/icons/gplus-16.png"" alt=""Share on Google+""/></a> </div></p><p><a href=""http://news.slashdot.org/story/14/10/24/1818230/computer-scientist-parachutes-from-135908-feet-breaking-record?utm_source=rss1.0moreanon&amp;utm_medium=feed"">Read more of this story</a> at Slashdot.</p><iframe src=""http://slashdot.org/slashdot-it.pl?op=discuss&amp;id=5868245&amp;smallembed=1"" style=""height: 300px; width: 100%; border: none;""></iframe><img width='1' height='1' src='http://slashdot.feedsportal.com/c/35028/f/647410/s/3fcde72c/sc/21/mf.gif' border='0'/><br clear='all'/><br/><br/><a href=""http://da.feedsportal.com/r/211596854543/u/49/f/647410/c/35028/s/3fcde72c/sc/21/rc/1/rc.htm"" rel=""nofollow""><img src=""http://da.feedsportal.com/r/211596854543/u/49/f/647410/c/35028/s/3fcde72c/sc/21/rc/1/rc.img"" border=""0""/></a><br/><a href=""http://da.feedsportal.com/r/211596854543/u/49/f/647410/c/35028/s/3fcde72c/sc/21/rc/2/rc.htm"" rel=""nofollow""><img src=""http://da.feedsportal.com/r/211596854543/u/49/f/647410/c/35028/s/3fcde72c/sc/21/rc/2/rc.img"" border=""0""/></a><br/><a href=""http://da.feedsportal.com/r/211596854543/u/49/f/647410/c/35028/s/3fcde72c/sc/21/rc/3/rc.htm"" rel=""nofollow""><img src=""http://da.feedsportal.com/r/211596854543/u/49/f/647410/c/35028/s/3fcde72c/sc/21/rc/3/rc.img"" border=""0""/></a><br/><br/><a href=""http://da.feedsportal.com/r/211596854543/u/49/f/647410/c/35028/s/3fcde72c/sc/21/a2.htm""><img src=""http://da.feedsportal.com/r/211596854543/u/49/f/647410/c/35028/s/3fcde72c/sc/21/a2.img"" border=""0""/></a><img width=""1"" height=""1"" src=""http://pi.feedsportal.com/r/211596854543/u/49/f/647410/c/35028/s/3fcde72c/sc/21/a2t.img"" border=""0""/><img src=""http://feeds.feedburner.com/~r/Slashdot/slashdot/~4/ufCLFU4bQ_I"" height=""1"" width=""1""/>"
Decades-old Scientific Paper May Hold Clues To Dark Matter,http://rss.slashdot.org/~r/Slashdot/slashdot/~3/vw5Wtxa9Ffw/story01.htm,"sciencehabit writes: Here's one reason libraries hang on to old science journals: A paper from an experiment conducted 32 years ago may shed light on the nature of dark matter, the mysterious stuff whose gravity appears to keep the galaxies from flying apart. The old data put a crimp in the newfangled concept of a 'dark photon' and suggest that a simple bargain-basement experiment could put the idea to the test. The data come from E137, a ""beam dump"" experiment that ran from 1980 to 1982 at SLAC National Accelerator Laboratory in Menlo Park, California. In the experiment, physicists slammed a beam of high-energy electrons, left over from other experiments, into an aluminum target to see what would come out. Researchers placed a detector 383 meters behind the target, on the other side of a sandstone hill 179 meters thick that blocked any ordinary particles.<p><div class=""share_submission"" style=""position:relative;""> <a class=""slashpop"" href=""http://twitter.com/home?status=Decades-old+Scientific+Paper+May+Hold+Clues+To+Dark+Matter%3A+http%3A%2F%2Fbit.ly%2F1wwfNak""><img src=""http://a.fsdn.com/sd/twitter_icon_large.png""></a> <a class=""slashpop"" href=""http://www.facebook.com/sharer.php?u=http%3A%2F%2Fscience.slashdot.org%2Fstory%2F14%2F10%2F24%2F150204%2Fdecades-old-scientific-paper-may-hold-clues-to-dark-matter%3Futm_source%3Dslashdot%26utm_medium%3Dfacebook""><img src=""http://a.fsdn.com/sd/facebook_icon_large.png""></a> <a class=""nobg"" href=""http://plus.google.com/share?url=http://science.slashdot.org/story/14/10/24/150204/decades-old-scientific-paper-may-hold-clues-to-dark-matter?utm_source=slashdot&amp;utm_medium=googleplus"" onclick=""javascript:window.open(this.href,'', 'menubar=no,toolbar=no,resizable=yes,scrollbars=yes,height=600,width=600');return false;""><img src=""http://www.gstatic.com/images/icons/gplus-16.png"" alt=""Share on Google+""/></a> </div></p><p><a href=""http://science.slashdot.org/story/14/10/24/150204/decades-old-scientific-paper-may-hold-clues-to-dark-matter?utm_source=rss1.0moreanon&amp;utm_medium=feed"">Read more of this story</a> at Slashdot.</p><iframe src=""http://slashdot.org/slashdot-it.pl?op=discuss&amp;id=5867657&amp;smallembed=1"" style=""height: 300px; width: 100%; border: none;""></iframe><img width='1' height='1' src='http://slashdot.feedsportal.com/c/35028/f/647410/s/3fcc4569/sc/10/mf.gif' border='0'/><br clear='all'/><br/><br/><a href=""http://da.feedsportal.com/r/211596822620/u/49/f/647410/c/35028/s/3fcc4569/sc/10/rc/1/rc.htm"" rel=""nofollow""><img src=""http://da.feedsportal.com/r/211596822620/u/49/f/647410/c/35028/s/3fcc4569/sc/10/rc/1/rc.img"" border=""0""/></a><br/><a href=""http://da.feedsportal.com/r/211596822620/u/49/f/647410/c/35028/s/3fcc4569/sc/10/rc/2/rc.htm"" rel=""nofollow""><img src=""http://da.feedsportal.com/r/211596822620/u/49/f/647410/c/35028/s/3fcc4569/sc/10/rc/2/rc.img"" border=""0""/></a><br/><a href=""http://da.feedsportal.com/r/211596822620/u/49/f/647410/c/35028/s/3fcc4569/sc/10/rc/3/rc.htm"" rel=""nofollow""><img src=""http://da.feedsportal.com/r/211596822620/u/49/f/647410/c/35028/s/3fcc4569/sc/10/rc/3/rc.img"" border=""0""/></a><br/><br/><a href=""http://da.feedsportal.com/r/211596822620/u/49/f/647410/c/35028/s/3fcc4569/sc/10/a2.htm""><img src=""http://da.feedsportal.com/r/211596822620/u/49/f/647410/c/35028/s/3fcc4569/sc/10/a2.img"" border=""0""/></a><img width=""1"" height=""1"" src=""http://pi.feedsportal.com/r/211596822620/u/49/f/647410/c/35028/s/3fcc4569/sc/10/a2t.img"" border=""0""/><img src=""http://feeds.feedburner.com/~r/Slashdot/slashdot/~4/vw5Wtxa9Ffw"" height=""1"" width=""1""/>"
Detritus From Cancer Cells May Infect Healthy Cells,http://rss.slashdot.org/~r/Slashdot/slashdot/~3/9qzXKRCFSyA/story01.htm,"bmahersciwriter writes Tiny bubbles of cell membrane &mdash; called exosomes &mdash; are shed by most cells. Long thought to be mere trash, researchers had recently noticed that they often contain short, regulatory RNA molecules, suggesting that exosomes may be one way that cells communicate with one another. Now, it appears that RNA in the exosomes shed by tumor cells can get into healthy cells and 'transform' them, putting them on the path to becoming cancerous themselves.<p><div class=""share_submission"" style=""position:relative;""> <a class=""slashpop"" href=""http://twitter.com/home?status=Detritus+From+Cancer+Cells+May+Infect+Healthy+Cells%3A+http%3A%2F%2Fbit.ly%2F1tiRCfP""><img src=""http://a.fsdn.com/sd/twitter_icon_large.png""></a> <a class=""slashpop"" href=""http://www.facebook.com/sharer.php?u=http%3A%2F%2Fscience.slashdot.org%2Fstory%2F14%2F10%2F23%2F2220201%2Fdetritus-from-cancer-cells-may-infect-healthy-cells%3Futm_source%3Dslashdot%26utm_medium%3Dfacebook""><img src=""http://a.fsdn.com/sd/facebook_icon_large.png""></a> <a class=""nobg"" href=""http://plus.google.com/share?url=http://science.slashdot.org/story/14/10/23/2220201/detritus-from-cancer-cells-may-infect-healthy-cells?utm_source=slashdot&amp;utm_medium=googleplus"" onclick=""javascript:window.open(this.href,'', 'menubar=no,toolbar=no,resizable=yes,scrollbars=yes,height=600,width=600');return false;""><img src=""http://www.gstatic.com/images/icons/gplus-16.png"" alt=""Share on Google+""/></a> </div></p><p><a href=""http://science.slashdot.org/story/14/10/23/2220201/detritus-from-cancer-cells-may-infect-healthy-cells?utm_source=rss1.0moreanon&amp;utm_medium=feed"">Read more of this story</a> at Slashdot.</p><iframe src=""http://slashdot.org/slashdot-it.pl?op=discuss&amp;id=5865051&amp;smallembed=1"" style=""height: 300px; width: 100%; border: none;""></iframe><img width='1' height='1' src='http://slashdot.feedsportal.com/c/35028/f/647410/s/3fca48b9/sc/36/mf.gif' border='0'/><br clear='all'/><br/><br/><a href=""http://da.feedsportal.com/r/211596841947/u/49/f/647410/c/35028/s/3fca48b9/sc/36/rc/1/rc.htm"" rel=""nofollow""><img src=""http://da.feedsportal.com/r/211596841947/u/49/f/647410/c/35028/s/3fca48b9/sc/36/rc/1/rc.img"" border=""0""/></a><br/><a href=""http://da.feedsportal.com/r/211596841947/u/49/f/647410/c/35028/s/3fca48b9/sc/36/rc/2/rc.htm"" rel=""nofollow""><img src=""http://da.feedsportal.com/r/211596841947/u/49/f/647410/c/35028/s/3fca48b9/sc/36/rc/2/rc.img"" border=""0""/></a><br/><a href=""http://da.feedsportal.com/r/211596841947/u/49/f/647410/c/35028/s/3fca48b9/sc/36/rc/3/rc.htm"" rel=""nofollow""><img src=""http://da.feedsportal.com/r/211596841947/u/49/f/647410/c/35028/s/3fca48b9/sc/36/rc/3/rc.img"" border=""0""/></a><br/><br/><a href=""http://da.feedsportal.com/r/211596841947/u/49/f/647410/c/35028/s/3fca48b9/sc/36/a2.htm""><img src=""http://da.feedsportal.com/r/211596841947/u/49/f/647410/c/35028/s/3fca48b9/sc/36/a2.img"" border=""0""/></a><img width=""1"" height=""1"" src=""http://pi.feedsportal.com/r/211596841947/u/49/f/647410/c/35028/s/3fca48b9/sc/36/a2t.img"" border=""0""/><img src=""http://feeds.feedburner.com/~r/Slashdot/slashdot/~4/9qzXKRCFSyA"" height=""1"" width=""1""/>"
E.U. Sets Plan to Cut Greenhouse-Gas Emissions (TIME),http://news.feedzilla.com/en_us/stories/science/404997560?client_source=api&format=json,"Europe sets climate change goals to be met by 2030

"
Employers Worried About Critical Thinking Skills,http://rss.slashdot.org/~r/Slashdot/slashdot/~3/OEnY9Gr9rpw/story01.htm,"Nerval's Lobster writes: Every company needs employees who can analyze information effectively, discarding what's unnecessary and digging down into what's actually useful. But employers are getting a little bit worried that U.S. schools aren't teaching students the necessary critical-thinking skills to actually succeed once they hit the open marketplace. The Wall Street Journal talked with several companies about how they judge critical-thinking skills, a few of which ask candidates to submit to written tests to judge their problem-solving abilities. But that sidesteps the larger question: do schools need to shift their focus onto different teaching methods (i.e., downplaying the need for students to memorize lots of information), or is our educational pipeline just fine, thank you very much?<p><div class=""share_submission"" style=""position:relative;""> <a class=""slashpop"" href=""http://twitter.com/home?status=Employers+Worried+About+Critical+Thinking+Skills%3A+http%3A%2F%2Fbit.ly%2F1woWwGU""><img src=""http://a.fsdn.com/sd/twitter_icon_large.png""></a> <a class=""slashpop"" href=""http://www.facebook.com/sharer.php?u=http%3A%2F%2Fnews.slashdot.org%2Fstory%2F14%2F10%2F24%2F1648257%2Femployers-worried-about-critical-thinking-skills%3Futm_source%3Dslashdot%26utm_medium%3Dfacebook""><img src=""http://a.fsdn.com/sd/facebook_icon_large.png""></a> <a class=""nobg"" href=""http://plus.google.com/share?url=http://news.slashdot.org/story/14/10/24/1648257/employers-worried-about-critical-thinking-skills?utm_source=slashdot&amp;utm_medium=googleplus"" onclick=""javascript:window.open(this.href,'', 'menubar=no,toolbar=no,resizable=yes,scrollbars=yes,height=600,width=600');return false;""><img src=""http://www.gstatic.com/images/icons/gplus-16.png"" alt=""Share on Google+""/></a> </div></p><p><a href=""http://news.slashdot.org/story/14/10/24/1648257/employers-worried-about-critical-thinking-skills?utm_source=rss1.0moreanon&amp;utm_medium=feed"">Read more of this story</a> at Slashdot.</p><iframe src=""http://slashdot.org/slashdot-it.pl?op=discuss&amp;id=5867971&amp;smallembed=1"" style=""height: 300px; width: 100%; border: none;""></iframe><img width='1' height='1' src='http://slashdot.feedsportal.com/c/35028/f/647410/s/3fcd074f/sc/36/mf.gif' border='0'/><br clear='all'/><br/><br/><a href=""http://da.feedsportal.com/r/211596824314/u/49/f/647410/c/35028/s/3fcd074f/sc/36/rc/1/rc.htm"" rel=""nofollow""><img src=""http://da.feedsportal.com/r/211596824314/u/49/f/647410/c/35028/s/3fcd074f/sc/36/rc/1/rc.img"" border=""0""/></a><br/><a href=""http://da.feedsportal.com/r/211596824314/u/49/f/647410/c/35028/s/3fcd074f/sc/36/rc/2/rc.htm"" rel=""nofollow""><img src=""http://da.feedsportal.com/r/211596824314/u/49/f/647410/c/35028/s/3fcd074f/sc/36/rc/2/rc.img"" border=""0""/></a><br/><a href=""http://da.feedsportal.com/r/211596824314/u/49/f/647410/c/35028/s/3fcd074f/sc/36/rc/3/rc.htm"" rel=""nofollow""><img src=""http://da.feedsportal.com/r/211596824314/u/49/f/647410/c/35028/s/3fcd074f/sc/36/rc/3/rc.img"" border=""0""/></a><br/><br/><a href=""http://da.feedsportal.com/r/211596824314/u/49/f/647410/c/35028/s/3fcd074f/sc/36/a2.htm""><img src=""http://da.feedsportal.com/r/211596824314/u/49/f/647410/c/35028/s/3fcd074f/sc/36/a2.img"" border=""0""/></a><img width=""1"" height=""1"" src=""http://pi.feedsportal.com/r/211596824314/u/49/f/647410/c/35028/s/3fcd074f/sc/36/a2t.img"" border=""0""/><img src=""http://feeds.feedburner.com/~r/Slashdot/slashdot/~4/OEnY9Gr9rpw"" height=""1"" width=""1""/>"
FTDI Removes Driver From Windows Update That Bricked Cloned Chips,http://rss.slashdot.org/~r/Slashdot/slashdot/~3/wmzRVpXSgh4/story01.htm,"New submitter weilawei writes: Last night, FTDI, a Scottish manufacturer of USB-to-serial ICs, posted a response to the ongoing debacle over its allegedly intentional bricking of competitors' chips. In their statement, FTDI CEO Fred Dart said, ""The recently release driver release has now been removed from Windows Update so that on-the-fly updating cannot occur. The driver is in the process of being updated and will be released next week. This will still uphold our stance against devices that are not genuine, but do so in a non-invasive way that means that there is no risk of end user's hardware being directly affected."" This may have resulted from a discussion with Microsoft engineers about the implications of distributing potentially malicious driver software. If you design hardware, what's your stance on this? Will you continue to integrate FTDI chips into your products? What alternatives are available to replace their functionality?<p><div class=""share_submission"" style=""position:relative;""> <a class=""slashpop"" href=""http://twitter.com/home?status=FTDI+Removes+Driver+From+Windows+Update+That+Bricked+Cloned+Chips%3A+http%3A%2F%2Fbit.ly%2F1sXCGkH""><img src=""http://a.fsdn.com/sd/twitter_icon_large.png""></a> <a class=""slashpop"" href=""http://www.facebook.com/sharer.php?u=http%3A%2F%2Fhardware.slashdot.org%2Fstory%2F14%2F10%2F24%2F1330252%2Fftdi-removes-driver-from-windows-update-that-bricked-cloned-chips%3Futm_source%3Dslashdot%26utm_medium%3Dfacebook""><img src=""http://a.fsdn.com/sd/facebook_icon_large.png""></a> <a class=""nobg"" href=""http://plus.google.com/share?url=http://hardware.slashdot.org/story/14/10/24/1330252/ftdi-removes-driver-from-windows-update-that-bricked-cloned-chips?utm_source=slashdot&amp;utm_medium=googleplus"" onclick=""javascript:window.open(this.href,'', 'menubar=no,toolbar=no,resizable=yes,scrollbars=yes,height=600,width=600');return false;""><img src=""http://www.gstatic.com/images/icons/gplus-16.png"" alt=""Share on Google+""/></a> </div></p><p><a href=""http://hardware.slashdot.org/story/14/10/24/1330252/ftdi-removes-driver-from-windows-update-that-bricked-cloned-chips?utm_source=rss1.0moreanon&amp;utm_medium=feed"">Read more of this story</a> at Slashdot.</p><iframe src=""http://slashdot.org/slashdot-it.pl?op=discuss&amp;id=5867433&amp;smallembed=1"" style=""height: 300px; width: 100%; border: none;""></iframe><img width='1' height='1' src='http://slashdot.feedsportal.com/c/35028/f/647410/s/3fcb70e7/sc/4/mf.gif' border='0'/><br clear='all'/><br/><br/><a href=""http://da.feedsportal.com/r/211596844697/u/49/f/647410/c/35028/s/3fcb70e7/sc/4/rc/1/rc.htm"" rel=""nofollow""><img src=""http://da.feedsportal.com/r/211596844697/u/49/f/647410/c/35028/s/3fcb70e7/sc/4/rc/1/rc.img"" border=""0""/></a><br/><a href=""http://da.feedsportal.com/r/211596844697/u/49/f/647410/c/35028/s/3fcb70e7/sc/4/rc/2/rc.htm"" rel=""nofollow""><img src=""http://da.feedsportal.com/r/211596844697/u/49/f/647410/c/35028/s/3fcb70e7/sc/4/rc/2/rc.img"" border=""0""/></a><br/><a href=""http://da.feedsportal.com/r/211596844697/u/49/f/647410/c/35028/s/3fcb70e7/sc/4/rc/3/rc.htm"" rel=""nofollow""><img src=""http://da.feedsportal.com/r/211596844697/u/49/f/647410/c/35028/s/3fcb70e7/sc/4/rc/3/rc.img"" border=""0""/></a><br/><br/><a href=""http://da.feedsportal.com/r/211596844697/u/49/f/647410/c/35028/s/3fcb70e7/sc/4/a2.htm""><img src=""http://da.feedsportal.com/r/211596844697/u/49/f/647410/c/35028/s/3fcb70e7/sc/4/a2.img"" border=""0""/></a><img width=""1"" height=""1"" src=""http://pi.feedsportal.com/r/211596844697/u/49/f/647410/c/35028/s/3fcb70e7/sc/4/a2t.img"" border=""0""/><img src=""http://feeds.feedburner.com/~r/Slashdot/slashdot/~4/wmzRVpXSgh4"" height=""1"" width=""1""/>"
"Giant Shark, Megalodon, Had Lots of Company: Photos (Discovery)",http://news.feedzilla.com/en_us/stories/science/405893438?client_source=api&format=json,"Here are some of the animals--both on sea and on land--that existed during
this mega-sized shark’s heyday.

"
Google Exec’s Stratospheric Plunge Breaks World Record (Scientific American),http://news.feedzilla.com/en_us/stories/science/405951458?client_source=api&format=json,"This morning in Roswell, New Mexico, a spacesuit-clad 57-year-old Google
executive, Alan Eustace, strapped into a harness beneath a giant helium
balloon and lifted off to new heights in the upper...


-- Read more on ScientificAmerican.com

"
"How Sony, Intel, and Unix Made Apple's Mac a PC Competitor",http://rss.slashdot.org/~r/Slashdot/slashdot/~3/v6vLucORRaY/story01.htm,"smaxp writes In 2007, Sony's supply chain lessons, the network effect from the shift to Intel architecture, and a better OS X for developers combined to renew the Mac's growth. The network effects of the Microsoft Wintel ecosystem that Rappaport explained 20 years ago in the Harvard Business Review are no longer a big advantage. By turning itself into a premium PC company with a proprietary OS, Apple has taken the best of PC ecosystem, but avoided taking on the disadvantages.<p><div class=""share_submission"" style=""position:relative;""> <a class=""slashpop"" href=""http://twitter.com/home?status=How+Sony%2C+Intel%2C+and+Unix+Made+Apple's+Mac+a+PC+Competitor%3A+http%3A%2F%2Fbit.ly%2F1z2puzU""><img src=""http://a.fsdn.com/sd/twitter_icon_large.png""></a> <a class=""slashpop"" href=""http://www.facebook.com/sharer.php?u=http%3A%2F%2Fapple.slashdot.org%2Fstory%2F14%2F10%2F23%2F2221234%2Fhow-sony-intel-and-unix-made-apples-mac-a-pc-competitor%3Futm_source%3Dslashdot%26utm_medium%3Dfacebook""><img src=""http://a.fsdn.com/sd/facebook_icon_large.png""></a> <a class=""nobg"" href=""http://plus.google.com/share?url=http://apple.slashdot.org/story/14/10/23/2221234/how-sony-intel-and-unix-made-apples-mac-a-pc-competitor?utm_source=slashdot&amp;utm_medium=googleplus"" onclick=""javascript:window.open(this.href,'', 'menubar=no,toolbar=no,resizable=yes,scrollbars=yes,height=600,width=600');return false;""><img src=""http://www.gstatic.com/images/icons/gplus-16.png"" alt=""Share on Google+""/></a> </div></p><p><a href=""http://apple.slashdot.org/story/14/10/23/2221234/how-sony-intel-and-unix-made-apples-mac-a-pc-competitor?utm_source=rss1.0moreanon&amp;utm_medium=feed"">Read more of this story</a> at Slashdot.</p><iframe src=""http://slashdot.org/slashdot-it.pl?op=discuss&amp;id=5865053&amp;smallembed=1"" style=""height: 300px; width: 100%; border: none;""></iframe><img width='1' height='1' src='http://slashdot.feedsportal.com/c/35028/f/647410/s/3fc61a94/sc/28/mf.gif' border='0'/><br clear='all'/><br/><br/><a href=""http://da.feedsportal.com/r/211596794119/u/49/f/647410/c/35028/s/3fc61a94/sc/28/rc/1/rc.htm"" rel=""nofollow""><img src=""http://da.feedsportal.com/r/211596794119/u/49/f/647410/c/35028/s/3fc61a94/sc/28/rc/1/rc.img"" border=""0""/></a><br/><a href=""http://da.feedsportal.com/r/211596794119/u/49/f/647410/c/35028/s/3fc61a94/sc/28/rc/2/rc.htm"" rel=""nofollow""><img src=""http://da.feedsportal.com/r/211596794119/u/49/f/647410/c/35028/s/3fc61a94/sc/28/rc/2/rc.img"" border=""0""/></a><br/><a href=""http://da.feedsportal.com/r/211596794119/u/49/f/647410/c/35028/s/3fc61a94/sc/28/rc/3/rc.htm"" rel=""nofollow""><img src=""http://da.feedsportal.com/r/211596794119/u/49/f/647410/c/35028/s/3fc61a94/sc/28/rc/3/rc.img"" border=""0""/></a><br/><br/><a href=""http://da.feedsportal.com/r/211596794119/u/49/f/647410/c/35028/s/3fc61a94/sc/28/a2.htm""><img src=""http://da.feedsportal.com/r/211596794119/u/49/f/647410/c/35028/s/3fc61a94/sc/28/a2.img"" border=""0""/></a><img width=""1"" height=""1"" src=""http://pi.feedsportal.com/r/211596794119/u/49/f/647410/c/35028/s/3fc61a94/sc/28/a2t.img"" border=""0""/><img src=""http://feeds.feedburner.com/~r/Slashdot/slashdot/~4/v6vLucORRaY"" height=""1"" width=""1""/>"
How To Beat Online Price Discrimination,http://rss.slashdot.org/~r/Slashdot/slashdot/~3/fzzGL5dvvh0/story01.htm,"New submitter Intrepid imaginaut sends word of a study (PDF) into how e-commerce sites show online shoppers different prices depending on how they found an item and what the sites know about the customer. ""For instance, the study found, users logged in to Cheaptickets and Orbitz saw lower hotel prices than shoppers who were not registered with the sites. Home Depot shoppers on mobile devices saw higher prices than users browsing on desktops. Some searchers on Expedia and Hotels.com consistently received higher-priced options, a result of randomized testing by the websites. Shoppers at Sears, Walmart, Priceline, and others received results in a different order than control groups, a tactic known as &ldquo;steering.&rdquo; To get a better price, the article advises deleting cookies before shopping, using your browser's private mode, putting the items in your shopping cart without buying them right away, and using tools like Camelcamelcamel to keep an eye out for price drops.<p><div class=""share_submission"" style=""position:relative;""> <a class=""slashpop"" href=""http://twitter.com/home?status=How+To+Beat+Online+Price+Discrimination%3A+http%3A%2F%2Fbit.ly%2F1wuaxCe""><img src=""http://a.fsdn.com/sd/twitter_icon_large.png""></a> <a class=""slashpop"" href=""http://www.facebook.com/sharer.php?u=http%3A%2F%2Fnews.slashdot.org%2Fstory%2F14%2F10%2F24%2F1421258%2Fhow-to-beat-online-price-discrimination%3Futm_source%3Dslashdot%26utm_medium%3Dfacebook""><img src=""http://a.fsdn.com/sd/facebook_icon_large.png""></a> <a class=""nobg"" href=""http://plus.google.com/share?url=http://news.slashdot.org/story/14/10/24/1421258/how-to-beat-online-price-discrimination?utm_source=slashdot&amp;utm_medium=googleplus"" onclick=""javascript:window.open(this.href,'', 'menubar=no,toolbar=no,resizable=yes,scrollbars=yes,height=600,width=600');return false;""><img src=""http://www.gstatic.com/images/icons/gplus-16.png"" alt=""Share on Google+""/></a> </div></p><p><a href=""http://news.slashdot.org/story/14/10/24/1421258/how-to-beat-online-price-discrimination?utm_source=rss1.0moreanon&amp;utm_medium=feed"">Read more of this story</a> at Slashdot.</p><iframe src=""http://slashdot.org/slashdot-it.pl?op=discuss&amp;id=5867543&amp;smallembed=1"" style=""height: 300px; width: 100%; border: none;""></iframe><img width='1' height='1' src='http://slashdot.feedsportal.com/c/35028/f/647410/s/3fcbecc4/sc/4/mf.gif' border='0'/><br clear='all'/><br/><br/><a href=""http://da.feedsportal.com/r/211596847872/u/49/f/647410/c/35028/s/3fcbecc4/sc/4/rc/1/rc.htm"" rel=""nofollow""><img src=""http://da.feedsportal.com/r/211596847872/u/49/f/647410/c/35028/s/3fcbecc4/sc/4/rc/1/rc.img"" border=""0""/></a><br/><a href=""http://da.feedsportal.com/r/211596847872/u/49/f/647410/c/35028/s/3fcbecc4/sc/4/rc/2/rc.htm"" rel=""nofollow""><img src=""http://da.feedsportal.com/r/211596847872/u/49/f/647410/c/35028/s/3fcbecc4/sc/4/rc/2/rc.img"" border=""0""/></a><br/><a href=""http://da.feedsportal.com/r/211596847872/u/49/f/647410/c/35028/s/3fcbecc4/sc/4/rc/3/rc.htm"" rel=""nofollow""><img src=""http://da.feedsportal.com/r/211596847872/u/49/f/647410/c/35028/s/3fcbecc4/sc/4/rc/3/rc.img"" border=""0""/></a><br/><br/><a href=""http://da.feedsportal.com/r/211596847872/u/49/f/647410/c/35028/s/3fcbecc4/sc/4/a2.htm""><img src=""http://da.feedsportal.com/r/211596847872/u/49/f/647410/c/35028/s/3fcbecc4/sc/4/a2.img"" border=""0""/></a><img width=""1"" height=""1"" src=""http://pi.feedsportal.com/r/211596847872/u/49/f/647410/c/35028/s/3fcbecc4/sc/4/a2t.img"" border=""0""/><img src=""http://feeds.feedburner.com/~r/Slashdot/slashdot/~4/fzzGL5dvvh0"" height=""1"" width=""1""/>"
How the Comet with the Funny Name Became a Globe-Trotting Internet Meme (Discover Magazine),http://news.feedzilla.com/en_us/stories/science/405928419?client_source=api&format=json,"I consider the Rosetta spacecraft one of the most exciting space voyagers in
years. It is the first probe to orbit a comet, returning images of
unprecedented richness. On November 12 it will place a lander on the comet's
surface, another exploratory breakthrough. Rosetta's target, Comet 67P (its
mouthy full name is Comet 67P/Churyumov-Gerasimenko) is a frozen relic from
the early days of the solar system. Studying it up close will teach us a lot
about how the planets formed, how Earth got its wa

"
How to Silence Cyberbullying (Scientific American),http://news.feedzilla.com/en_us/stories/science/405805577?client_source=api&format=json,"Cyberbullies take advantage of the unique psychology of online communities to
attack, intimidate and hurt others. Here is what makes trolls tick-- and how
to stop them


-- Read more on ScientificAmerican.com

"
Incapacitating Chemical Agents: Coming Soon To Local Law Enforcement?,http://rss.slashdot.org/~r/Slashdot/slashdot/~3/-b0JeGaQZKI/story01.htm,"Lasrick writes To this day, Russian authorities refuse to disclose the incapacitating chemical agent (ICA) they employed in their attempt, 12 years ago, to save 900 hostages held in a theater by Chechen fighters. Malcom Dando elaborates on a new report (PDF) that Russia, China, Israel, and a slew of other countries are continuing research into ICAs, and the apparent indifference of the international community into such research. Proponents of ICAs have long promoted their use in a variety of scenarios, including that of law enforcement, because in theory these chemicals incapacitate without permanent disability. Critics, however, point out that these weapons rely on exact dosage to prevent fatality, and that the ability to 'deliver the right agent to the right people in the right dose without exposing the wrong people, or delivering the wrong dose' is a near-impossible expectation. ICAs represent the further misuse and militarization of the life sciences and a weakening of the taboo against the weaponization of toxic substances, and the idea that they could be used in law enforcement situations is a disturbing one.""<p><div class=""share_submission"" style=""position:relative;""> <a class=""slashpop"" href=""http://twitter.com/home?status=Incapacitating+Chemical+Agents%3A+Coming+Soon+To+Local+Law+Enforcement%3F%3A+http%3A%2F%2Fbit.ly%2F1D50jdG""><img src=""http://a.fsdn.com/sd/twitter_icon_large.png""></a> <a class=""slashpop"" href=""http://www.facebook.com/sharer.php?u=http%3A%2F%2Ftech.slashdot.org%2Fstory%2F14%2F10%2F24%2F0127244%2Fincapacitating-chemical-agents-coming-soon-to-local-law-enforcement%3Futm_source%3Dslashdot%26utm_medium%3Dfacebook""><img src=""http://a.fsdn.com/sd/facebook_icon_large.png""></a> <a class=""nobg"" href=""http://plus.google.com/share?url=http://tech.slashdot.org/story/14/10/24/0127244/incapacitating-chemical-agents-coming-soon-to-local-law-enforcement?utm_source=slashdot&amp;utm_medium=googleplus"" onclick=""javascript:window.open(this.href,'', 'menubar=no,toolbar=no,resizable=yes,scrollbars=yes,height=600,width=600');return false;""><img src=""http://www.gstatic.com/images/icons/gplus-16.png"" alt=""Share on Google+""/></a> </div></p><p><a href=""http://tech.slashdot.org/story/14/10/24/0127244/incapacitating-chemical-agents-coming-soon-to-local-law-enforcement?utm_source=rss1.0moreanon&amp;utm_medium=feed"">Read more of this story</a> at Slashdot.</p><iframe src=""http://slashdot.org/slashdot-it.pl?op=discuss&amp;id=5865361&amp;smallembed=1"" style=""height: 300px; width: 100%; border: none;""></iframe><img width='1' height='1' src='http://slashdot.feedsportal.com/c/35028/f/647410/s/3fc828db/sc/7/mf.gif' border='0'/><br clear='all'/><br/><br/><a href=""http://da.feedsportal.com/r/211596804595/u/49/f/647410/c/35028/s/3fc828db/sc/7/rc/1/rc.htm"" rel=""nofollow""><img src=""http://da.feedsportal.com/r/211596804595/u/49/f/647410/c/35028/s/3fc828db/sc/7/rc/1/rc.img"" border=""0""/></a><br/><a href=""http://da.feedsportal.com/r/211596804595/u/49/f/647410/c/35028/s/3fc828db/sc/7/rc/2/rc.htm"" rel=""nofollow""><img src=""http://da.feedsportal.com/r/211596804595/u/49/f/647410/c/35028/s/3fc828db/sc/7/rc/2/rc.img"" border=""0""/></a><br/><a href=""http://da.feedsportal.com/r/211596804595/u/49/f/647410/c/35028/s/3fc828db/sc/7/rc/3/rc.htm"" rel=""nofollow""><img src=""http://da.feedsportal.com/r/211596804595/u/49/f/647410/c/35028/s/3fc828db/sc/7/rc/3/rc.img"" border=""0""/></a><br/><br/><a href=""http://da.feedsportal.com/r/211596804595/u/49/f/647410/c/35028/s/3fc828db/sc/7/a2.htm""><img src=""http://da.feedsportal.com/r/211596804595/u/49/f/647410/c/35028/s/3fc828db/sc/7/a2.img"" border=""0""/></a><img width=""1"" height=""1"" src=""http://pi.feedsportal.com/r/211596804595/u/49/f/647410/c/35028/s/3fc828db/sc/7/a2t.img"" border=""0""/><img src=""http://feeds.feedburner.com/~r/Slashdot/slashdot/~4/-b0JeGaQZKI"" height=""1"" width=""1""/>"
Indian lunar orbiter hit by heat rise (CNN),http://news.feedzilla.com/en_us/stories/science/405788980?client_source=api&format=json,"Scientists have switched off several on-board instruments to halt rising
temperatures inside India's first unmanned lunar spacecraft.

"
Mark Zuckerberg Speaks Mandarin At Tsinghua University In Beijing,http://rss.slashdot.org/~r/Slashdot/slashdot/~3/v8r-pvwHs-4/story01.htm,"HughPickens.com writes Abby Phillip reports at the Washington Post that that Mark Zuckerberg just posted a 30-minute Q&amp;A at Tsinghua University in Beijing in which he answered every question exclusively in Chinese &mdash; a notoriously difficult language to learn and particularly, to speak. ""It isn't just Zuckerberg's linguistic acrobatics that make this a notable moment,"" writes Philip. ""This small gesture &mdash; although some would argue that it is a huge moment &mdash; is perhaps his strongest foray into the battle for hearts and minds in China."" Zuckerberg and Facebook have been aggressively courting Chinese users for years and the potential financial upside for the business. Although Beijing has mostly banned Facebook, the company signed a contract for its first ever office in China earlier this year. A Westerner speaking Mandarin in China &mdash; at any level &mdash; tends to elicit joy from average Chinese, who seem to appreciate the effort and respect they feel learning Mandarin demonstrates. So how well did he actually do? One Mandarin speaker rates Zuckerberg's language skills at a seventh grader's speech: ""It's hard not see a patronizing note in the Chinese audience's reaction to Zuckerberg's Mandarin. To borrow from Samuel Johnson's quip, he was like a dog walking on its hind legs: It wasn't done well, but it was a surprise to see it done at all.""<p><div class=""share_submission"" style=""position:relative;""> <a class=""slashpop"" href=""http://twitter.com/home?status=Mark+Zuckerberg+Speaks+Mandarin+At+Tsinghua+University+In+Beijing%3A+http%3A%2F%2Fbit.ly%2F1DFvA95""><img src=""http://a.fsdn.com/sd/twitter_icon_large.png""></a> <a class=""slashpop"" href=""http://www.facebook.com/sharer.php?u=http%3A%2F%2Fslashdot.org%2Fstory%2F14%2F10%2F23%2F2151202%2Fmark-zuckerberg-speaks-mandarin-at-tsinghua-university-in-beijing%3Futm_source%3Dslashdot%26utm_medium%3Dfacebook""><img src=""http://a.fsdn.com/sd/facebook_icon_large.png""></a> <a class=""nobg"" href=""http://plus.google.com/share?url=http://slashdot.org/story/14/10/23/2151202/mark-zuckerberg-speaks-mandarin-at-tsinghua-university-in-beijing?utm_source=slashdot&amp;utm_medium=googleplus"" onclick=""javascript:window.open(this.href,'', 'menubar=no,toolbar=no,resizable=yes,scrollbars=yes,height=600,width=600');return false;""><img src=""http://www.gstatic.com/images/icons/gplus-16.png"" alt=""Share on Google+""/></a> </div></p><p><a href=""http://slashdot.org/story/14/10/23/2151202/mark-zuckerberg-speaks-mandarin-at-tsinghua-university-in-beijing?utm_source=rss1.0moreanon&amp;utm_medium=feed"">Read more of this story</a> at Slashdot.</p><iframe src=""http://slashdot.org/slashdot-it.pl?op=discuss&amp;id=5865001&amp;smallembed=1"" style=""height: 300px; width: 100%; border: none;""></iframe><img width='1' height='1' src='http://slashdot.feedsportal.com/c/35028/f/647410/s/3fc50f44/sc/7/mf.gif' border='0'/><br clear='all'/><br/><br/><a href=""http://da.feedsportal.com/r/211596813076/u/49/f/647410/c/35028/s/3fc50f44/sc/7/rc/1/rc.htm"" rel=""nofollow""><img src=""http://da.feedsportal.com/r/211596813076/u/49/f/647410/c/35028/s/3fc50f44/sc/7/rc/1/rc.img"" border=""0""/></a><br/><a href=""http://da.feedsportal.com/r/211596813076/u/49/f/647410/c/35028/s/3fc50f44/sc/7/rc/2/rc.htm"" rel=""nofollow""><img src=""http://da.feedsportal.com/r/211596813076/u/49/f/647410/c/35028/s/3fc50f44/sc/7/rc/2/rc.img"" border=""0""/></a><br/><a href=""http://da.feedsportal.com/r/211596813076/u/49/f/647410/c/35028/s/3fc50f44/sc/7/rc/3/rc.htm"" rel=""nofollow""><img src=""http://da.feedsportal.com/r/211596813076/u/49/f/647410/c/35028/s/3fc50f44/sc/7/rc/3/rc.img"" border=""0""/></a><br/><br/><a href=""http://da.feedsportal.com/r/211596813076/u/49/f/647410/c/35028/s/3fc50f44/sc/7/a2.htm""><img src=""http://da.feedsportal.com/r/211596813076/u/49/f/647410/c/35028/s/3fc50f44/sc/7/a2.img"" border=""0""/></a><img width=""1"" height=""1"" src=""http://pi.feedsportal.com/r/211596813076/u/49/f/647410/c/35028/s/3fc50f44/sc/7/a2t.img"" border=""0""/><img src=""http://feeds.feedburner.com/~r/Slashdot/slashdot/~4/v8r-pvwHs-4"" height=""1"" width=""1""/>"
"Microsoft Exec Opens Up About Research Lab Closure, Layoffs",http://rss.slashdot.org/~r/Slashdot/slashdot/~3/tXLYktBAdTw/story01.htm,"alphadogg writes It's been a bit over a month since Microsoft shuttered its Microsoft Research lab in Silicon Valley as part of the company's broader restructuring that will include 18,000 layoffs. This week, Harry Shum, Microsoft EVP of Technology &amp; Research, posted what he termed an ""open letter to the academic research community"" on the company's research blog. In the post, Shum is suitably contrite about the painful job cut decisions that were made in closing the lab, which opened in 2001. He also stresses that Microsoft will continue to invest in and value ""fundamental research"".<p><div class=""share_submission"" style=""position:relative;""> <a class=""slashpop"" href=""http://twitter.com/home?status=Microsoft+Exec+Opens+Up+About+Research+Lab+Closure%2C+Layoffs%3A+http%3A%2F%2Fbit.ly%2F1tgTEwU""><img src=""http://a.fsdn.com/sd/twitter_icon_large.png""></a> <a class=""slashpop"" href=""http://www.facebook.com/sharer.php?u=http%3A%2F%2Fnews.slashdot.org%2Fstory%2F14%2F10%2F23%2F227221%2Fmicrosoft-exec-opens-up-about-research-lab-closure-layoffs%3Futm_source%3Dslashdot%26utm_medium%3Dfacebook""><img src=""http://a.fsdn.com/sd/facebook_icon_large.png""></a> <a class=""nobg"" href=""http://plus.google.com/share?url=http://news.slashdot.org/story/14/10/23/227221/microsoft-exec-opens-up-about-research-lab-closure-layoffs?utm_source=slashdot&amp;utm_medium=googleplus"" onclick=""javascript:window.open(this.href,'', 'menubar=no,toolbar=no,resizable=yes,scrollbars=yes,height=600,width=600');return false;""><img src=""http://www.gstatic.com/images/icons/gplus-16.png"" alt=""Share on Google+""/></a> </div></p><p><a href=""http://news.slashdot.org/story/14/10/23/227221/microsoft-exec-opens-up-about-research-lab-closure-layoffs?utm_source=rss1.0moreanon&amp;utm_medium=feed"">Read more of this story</a> at Slashdot.</p><iframe src=""http://slashdot.org/slashdot-it.pl?op=discuss&amp;id=5865023&amp;smallembed=1"" style=""height: 300px; width: 100%; border: none;""></iframe><img width='1' height='1' src='http://slashdot.feedsportal.com/c/35028/f/647410/s/3fc5809c/sc/24/mf.gif' border='0'/><br clear='all'/><br/><br/><a href=""http://da.feedsportal.com/r/211596791467/u/49/f/647410/c/35028/s/3fc5809c/sc/24/rc/1/rc.htm"" rel=""nofollow""><img src=""http://da.feedsportal.com/r/211596791467/u/49/f/647410/c/35028/s/3fc5809c/sc/24/rc/1/rc.img"" border=""0""/></a><br/><a href=""http://da.feedsportal.com/r/211596791467/u/49/f/647410/c/35028/s/3fc5809c/sc/24/rc/2/rc.htm"" rel=""nofollow""><img src=""http://da.feedsportal.com/r/211596791467/u/49/f/647410/c/35028/s/3fc5809c/sc/24/rc/2/rc.img"" border=""0""/></a><br/><a href=""http://da.feedsportal.com/r/211596791467/u/49/f/647410/c/35028/s/3fc5809c/sc/24/rc/3/rc.htm"" rel=""nofollow""><img src=""http://da.feedsportal.com/r/211596791467/u/49/f/647410/c/35028/s/3fc5809c/sc/24/rc/3/rc.img"" border=""0""/></a><br/><br/><a href=""http://da.feedsportal.com/r/211596791467/u/49/f/647410/c/35028/s/3fc5809c/sc/24/a2.htm""><img src=""http://da.feedsportal.com/r/211596791467/u/49/f/647410/c/35028/s/3fc5809c/sc/24/a2.img"" border=""0""/></a><img width=""1"" height=""1"" src=""http://pi.feedsportal.com/r/211596791467/u/49/f/647410/c/35028/s/3fc5809c/sc/24/a2t.img"" border=""0""/><img src=""http://feeds.feedburner.com/~r/Slashdot/slashdot/~4/tXLYktBAdTw"" height=""1"" width=""1""/>"
NY Doctor Recently Back From West Africa Tests Positive For Ebola,http://rss.slashdot.org/~r/Slashdot/slashdot/~3/A7NVFZ3hi3g/story01.htm,"An anonymous reader writes An emergency room doctor who recently returned to the city after treating Ebola patients in West Africa has tested positive for the virus, Mayor Bill de Blasio said. It's the first case in the city and the fourth in the nation. From the article: ""The doctor, identified as Craig Spencer, 33, came back from treating Ebola patients in Guinea about 10 days ago, and developed a fever, nausea, pain and fatigue Wednesday night. The physician, employed at New York's Columbia Presbyterian Hospital, has been in isolation at Bellevue Hospital in Manhattan since Thursday morning, the official said.""<p><div class=""share_submission"" style=""position:relative;""> <a class=""slashpop"" href=""http://twitter.com/home?status=NY+Doctor+Recently+Back+From+West+Africa+Tests+Positive+For+Ebola%3A+http%3A%2F%2Fbit.ly%2F1thFsnx""><img src=""http://a.fsdn.com/sd/twitter_icon_large.png""></a> <a class=""slashpop"" href=""http://www.facebook.com/sharer.php?u=http%3A%2F%2Fscience.slashdot.org%2Fstory%2F14%2F10%2F24%2F0243254%2Fny-doctor-recently-back-from-west-africa-tests-positive-for-ebola%3Futm_source%3Dslashdot%26utm_medium%3Dfacebook""><img src=""http://a.fsdn.com/sd/facebook_icon_large.png""></a> <a class=""nobg"" href=""http://plus.google.com/share?url=http://science.slashdot.org/story/14/10/24/0243254/ny-doctor-recently-back-from-west-africa-tests-positive-for-ebola?utm_source=slashdot&amp;utm_medium=googleplus"" onclick=""javascript:window.open(this.href,'', 'menubar=no,toolbar=no,resizable=yes,scrollbars=yes,height=600,width=600');return false;""><img src=""http://www.gstatic.com/images/icons/gplus-16.png"" alt=""Share on Google+""/></a> </div></p><p><a href=""http://science.slashdot.org/story/14/10/24/0243254/ny-doctor-recently-back-from-west-africa-tests-positive-for-ebola?utm_source=rss1.0moreanon&amp;utm_medium=feed"">Read more of this story</a> at Slashdot.</p><iframe src=""http://slashdot.org/slashdot-it.pl?op=discuss&amp;id=5865575&amp;smallembed=1"" style=""height: 300px; width: 100%; border: none;""></iframe><img width='1' height='1' src='http://slashdot.feedsportal.com/c/35028/f/647410/s/3fc6eecb/sc/3/mf.gif' border='0'/><br clear='all'/><br/><br/><a href=""http://da.feedsportal.com/r/211596799356/u/49/f/647410/c/35028/s/3fc6eecb/sc/3/rc/1/rc.htm"" rel=""nofollow""><img src=""http://da.feedsportal.com/r/211596799356/u/49/f/647410/c/35028/s/3fc6eecb/sc/3/rc/1/rc.img"" border=""0""/></a><br/><a href=""http://da.feedsportal.com/r/211596799356/u/49/f/647410/c/35028/s/3fc6eecb/sc/3/rc/2/rc.htm"" rel=""nofollow""><img src=""http://da.feedsportal.com/r/211596799356/u/49/f/647410/c/35028/s/3fc6eecb/sc/3/rc/2/rc.img"" border=""0""/></a><br/><a href=""http://da.feedsportal.com/r/211596799356/u/49/f/647410/c/35028/s/3fc6eecb/sc/3/rc/3/rc.htm"" rel=""nofollow""><img src=""http://da.feedsportal.com/r/211596799356/u/49/f/647410/c/35028/s/3fc6eecb/sc/3/rc/3/rc.img"" border=""0""/></a><br/><br/><a href=""http://da.feedsportal.com/r/211596799356/u/49/f/647410/c/35028/s/3fc6eecb/sc/3/a2.htm""><img src=""http://da.feedsportal.com/r/211596799356/u/49/f/647410/c/35028/s/3fc6eecb/sc/3/a2.img"" border=""0""/></a><img width=""1"" height=""1"" src=""http://pi.feedsportal.com/r/211596799356/u/49/f/647410/c/35028/s/3fc6eecb/sc/3/a2t.img"" border=""0""/><img src=""http://feeds.feedburner.com/~r/Slashdot/slashdot/~4/A7NVFZ3hi3g"" height=""1"" width=""1""/>"
"New ""Dreadnought"" Dinosaur Most Complete Specimen of a Giant (Scientific American)",http://news.feedzilla.com/en_us/stories/science/405805457?client_source=api&format=json,"The 60-metric-ton herbivore may tell future researchers more about how
gargantuan sauropods lived and evolved


-- Read more on ScientificAmerican.com

"
PCGamingWiki Looks Into Linux Gaming With 'Port Reports',http://rss.slashdot.org/~r/Slashdot/slashdot/~3/LjqyLxsktbs/story01.htm,"AberBeta writes: PCGamingWiki contributor Soeb has been looking into the recent larger budget game releases to appear on Linux, including XCOM: Enemy Unknown and Borderlands: The Pre&ndash;Sequel produced by Mac porting houses Feral and Aspyr. Soeb reports that while feature parity is high, performance could be a bit better. Performance differences aside, the games are finally arriving on Linux &mdash; now the userbase needs to expand to make a virtuous cycle.<p><div class=""share_submission"" style=""position:relative;""> <a class=""slashpop"" href=""http://twitter.com/home?status=PCGamingWiki+Looks+Into+Linux+Gaming+With+'Port+Reports'%3A+http%3A%2F%2Fbit.ly%2F1yubpIr""><img src=""http://a.fsdn.com/sd/twitter_icon_large.png""></a> <a class=""slashpop"" href=""http://www.facebook.com/sharer.php?u=http%3A%2F%2Flinux.slashdot.org%2Fstory%2F14%2F10%2F24%2F1426240%2Fpcgamingwiki-looks-into-linux-gaming-with-port-reports%3Futm_source%3Dslashdot%26utm_medium%3Dfacebook""><img src=""http://a.fsdn.com/sd/facebook_icon_large.png""></a> <a class=""nobg"" href=""http://plus.google.com/share?url=http://linux.slashdot.org/story/14/10/24/1426240/pcgamingwiki-looks-into-linux-gaming-with-port-reports?utm_source=slashdot&amp;utm_medium=googleplus"" onclick=""javascript:window.open(this.href,'', 'menubar=no,toolbar=no,resizable=yes,scrollbars=yes,height=600,width=600');return false;""><img src=""http://www.gstatic.com/images/icons/gplus-16.png"" alt=""Share on Google+""/></a> </div></p><p><a href=""http://linux.slashdot.org/story/14/10/24/1426240/pcgamingwiki-looks-into-linux-gaming-with-port-reports?utm_source=rss1.0moreanon&amp;utm_medium=feed"">Read more of this story</a> at Slashdot.</p><iframe src=""http://slashdot.org/slashdot-it.pl?op=discuss&amp;id=5867557&amp;smallembed=1"" style=""height: 300px; width: 100%; border: none;""></iframe><img width='1' height='1' src='http://slashdot.feedsportal.com/c/35028/f/647410/s/3fcc4f6e/sc/4/mf.gif' border='0'/><br clear='all'/><br/><br/><a href=""http://da.feedsportal.com/r/211596821187/u/49/f/647410/c/35028/s/3fcc4f6e/sc/4/rc/1/rc.htm"" rel=""nofollow""><img src=""http://da.feedsportal.com/r/211596821187/u/49/f/647410/c/35028/s/3fcc4f6e/sc/4/rc/1/rc.img"" border=""0""/></a><br/><a href=""http://da.feedsportal.com/r/211596821187/u/49/f/647410/c/35028/s/3fcc4f6e/sc/4/rc/2/rc.htm"" rel=""nofollow""><img src=""http://da.feedsportal.com/r/211596821187/u/49/f/647410/c/35028/s/3fcc4f6e/sc/4/rc/2/rc.img"" border=""0""/></a><br/><a href=""http://da.feedsportal.com/r/211596821187/u/49/f/647410/c/35028/s/3fcc4f6e/sc/4/rc/3/rc.htm"" rel=""nofollow""><img src=""http://da.feedsportal.com/r/211596821187/u/49/f/647410/c/35028/s/3fcc4f6e/sc/4/rc/3/rc.img"" border=""0""/></a><br/><br/><a href=""http://da.feedsportal.com/r/211596821187/u/49/f/647410/c/35028/s/3fcc4f6e/sc/4/a2.htm""><img src=""http://da.feedsportal.com/r/211596821187/u/49/f/647410/c/35028/s/3fcc4f6e/sc/4/a2.img"" border=""0""/></a><img width=""1"" height=""1"" src=""http://pi.feedsportal.com/r/211596821187/u/49/f/647410/c/35028/s/3fcc4f6e/sc/4/a2t.img"" border=""0""/><img src=""http://feeds.feedburner.com/~r/Slashdot/slashdot/~4/LjqyLxsktbs"" height=""1"" width=""1""/>"
Passwords: Too Much and Not Enough,http://rss.slashdot.org/~r/Slashdot/slashdot/~3/2kj8o4J8k7U/story01.htm,"An anonymous reader writes: Sophos has a blog post up saying, ""attempts to get users to choose passwords that will resist offline guessing, e.g., by composition policies, advice and strength meters, must largely be judged failures."" They say a password must withstand 1,000,000 guesses to survive an online attack but 100,000,000,000,000 to have any hope against an offline one. ""Not only is the difference between those two numbers mind-bogglingly large, there is no middle ground."" ""Passwords falling between the two thresholds offer no improvement in real-world security, they're just harder to remember."" System administrators ""should stop worrying about getting users to create strong passwords and should focus instead on properly securing password databases and detecting leaks when they happen.""<p><div class=""share_submission"" style=""position:relative;""> <a class=""slashpop"" href=""http://twitter.com/home?status=Passwords%3A+Too+Much+and+Not+Enough%3A+http%3A%2F%2Fbit.ly%2F1DJhG5Y""><img src=""http://a.fsdn.com/sd/twitter_icon_large.png""></a> <a class=""slashpop"" href=""http://www.facebook.com/sharer.php?u=http%3A%2F%2Fit.slashdot.org%2Fstory%2F14%2F10%2F24%2F218210%2Fpasswords-too-much-and-not-enough%3Futm_source%3Dslashdot%26utm_medium%3Dfacebook""><img src=""http://a.fsdn.com/sd/facebook_icon_large.png""></a> <a class=""nobg"" href=""http://plus.google.com/share?url=http://it.slashdot.org/story/14/10/24/218210/passwords-too-much-and-not-enough?utm_source=slashdot&amp;utm_medium=googleplus"" onclick=""javascript:window.open(this.href,'', 'menubar=no,toolbar=no,resizable=yes,scrollbars=yes,height=600,width=600');return false;""><img src=""http://www.gstatic.com/images/icons/gplus-16.png"" alt=""Share on Google+""/></a> </div></p><p><a href=""http://it.slashdot.org/story/14/10/24/218210/passwords-too-much-and-not-enough?utm_source=rss1.0moreanon&amp;utm_medium=feed"">Read more of this story</a> at Slashdot.</p><iframe src=""http://slashdot.org/slashdot-it.pl?op=discuss&amp;id=5868735&amp;smallembed=1"" style=""height: 300px; width: 100%; border: none;""></iframe><img width='1' height='1' src='http://slashdot.feedsportal.com/c/35028/f/647410/s/3fceac98/sc/4/mf.gif' border='0'/><br clear='all'/><br/><br/><a href=""http://da.feedsportal.com/r/211596830003/u/49/f/647410/c/35028/s/3fceac98/sc/4/rc/1/rc.htm"" rel=""nofollow""><img src=""http://da.feedsportal.com/r/211596830003/u/49/f/647410/c/35028/s/3fceac98/sc/4/rc/1/rc.img"" border=""0""/></a><br/><a href=""http://da.feedsportal.com/r/211596830003/u/49/f/647410/c/35028/s/3fceac98/sc/4/rc/2/rc.htm"" rel=""nofollow""><img src=""http://da.feedsportal.com/r/211596830003/u/49/f/647410/c/35028/s/3fceac98/sc/4/rc/2/rc.img"" border=""0""/></a><br/><a href=""http://da.feedsportal.com/r/211596830003/u/49/f/647410/c/35028/s/3fceac98/sc/4/rc/3/rc.htm"" rel=""nofollow""><img src=""http://da.feedsportal.com/r/211596830003/u/49/f/647410/c/35028/s/3fceac98/sc/4/rc/3/rc.img"" border=""0""/></a><br/><br/><a href=""http://da.feedsportal.com/r/211596830003/u/49/f/647410/c/35028/s/3fceac98/sc/4/a2.htm""><img src=""http://da.feedsportal.com/r/211596830003/u/49/f/647410/c/35028/s/3fceac98/sc/4/a2.img"" border=""0""/></a><img width=""1"" height=""1"" src=""http://pi.feedsportal.com/r/211596830003/u/49/f/647410/c/35028/s/3fceac98/sc/4/a2t.img"" border=""0""/><img src=""http://feeds.feedburner.com/~r/Slashdot/slashdot/~4/2kj8o4J8k7U"" height=""1"" width=""1""/>"
Recent Nobel Prize Winner Revolutionizes Microscopy Again,http://rss.slashdot.org/~r/Slashdot/slashdot/~3/KTjHgFLmyis/story01.htm,"An anonymous reader writes: Eric Betzig recently shared in the Nobel Prize for Chemistry for his work on high-resolution microscopy. Just yesterday, Betzig and a team of researchers published a new microscopy technique (abstract) that ""allows them to observe living cellular processes at groundbreaking resolution and speed."" According to the article, ""Until now, the best microscope for viewing living systems as they moved were confocal microscopes. They beam light down onto a sample of cells. The light penetrates the whole sample and bounces back. ... The light is toxic, and degrades the living system over time. Betzig's new microscope solves this by generating a sheet of light that comes in from the side of the sample, made up of a series of beams that harm the sample less than one solid cone of light. Scientists can now snap a high-res image of the entire section they're illuminating, without exposing the rest of the sample to any light at all.""<p><div class=""share_submission"" style=""position:relative;""> <a class=""slashpop"" href=""http://twitter.com/home?status=Recent+Nobel+Prize+Winner+Revolutionizes+Microscopy+Again%3A+http%3A%2F%2Fbit.ly%2F1wltXMZ""><img src=""http://a.fsdn.com/sd/twitter_icon_large.png""></a> <a class=""slashpop"" href=""http://www.facebook.com/sharer.php?u=http%3A%2F%2Fscience.slashdot.org%2Fstory%2F14%2F10%2F24%2F1642205%2Frecent-nobel-prize-winner-revolutionizes-microscopy-again%3Futm_source%3Dslashdot%26utm_medium%3Dfacebook""><img src=""http://a.fsdn.com/sd/facebook_icon_large.png""></a> <a class=""nobg"" href=""http://plus.google.com/share?url=http://science.slashdot.org/story/14/10/24/1642205/recent-nobel-prize-winner-revolutionizes-microscopy-again?utm_source=slashdot&amp;utm_medium=googleplus"" onclick=""javascript:window.open(this.href,'', 'menubar=no,toolbar=no,resizable=yes,scrollbars=yes,height=600,width=600');return false;""><img src=""http://www.gstatic.com/images/icons/gplus-16.png"" alt=""Share on Google+""/></a> </div></p><p><a href=""http://science.slashdot.org/story/14/10/24/1642205/recent-nobel-prize-winner-revolutionizes-microscopy-again?utm_source=rss1.0moreanon&amp;utm_medium=feed"">Read more of this story</a> at Slashdot.</p><iframe src=""http://slashdot.org/slashdot-it.pl?op=discuss&amp;id=5867943&amp;smallembed=1"" style=""height: 300px; width: 100%; border: none;""></iframe><img width='1' height='1' src='http://slashdot.feedsportal.com/c/35028/f/647410/s/3fcd1f41/sc/4/mf.gif' border='0'/><br clear='all'/><br/><br/><a href=""http://da.feedsportal.com/r/211596823823/u/49/f/647410/c/35028/s/3fcd1f41/sc/4/rc/1/rc.htm"" rel=""nofollow""><img src=""http://da.feedsportal.com/r/211596823823/u/49/f/647410/c/35028/s/3fcd1f41/sc/4/rc/1/rc.img"" border=""0""/></a><br/><a href=""http://da.feedsportal.com/r/211596823823/u/49/f/647410/c/35028/s/3fcd1f41/sc/4/rc/2/rc.htm"" rel=""nofollow""><img src=""http://da.feedsportal.com/r/211596823823/u/49/f/647410/c/35028/s/3fcd1f41/sc/4/rc/2/rc.img"" border=""0""/></a><br/><a href=""http://da.feedsportal.com/r/211596823823/u/49/f/647410/c/35028/s/3fcd1f41/sc/4/rc/3/rc.htm"" rel=""nofollow""><img src=""http://da.feedsportal.com/r/211596823823/u/49/f/647410/c/35028/s/3fcd1f41/sc/4/rc/3/rc.img"" border=""0""/></a><br/><br/><a href=""http://da.feedsportal.com/r/211596823823/u/49/f/647410/c/35028/s/3fcd1f41/sc/4/a2.htm""><img src=""http://da.feedsportal.com/r/211596823823/u/49/f/647410/c/35028/s/3fcd1f41/sc/4/a2.img"" border=""0""/></a><img width=""1"" height=""1"" src=""http://pi.feedsportal.com/r/211596823823/u/49/f/647410/c/35028/s/3fcd1f41/sc/4/a2t.img"" border=""0""/><img src=""http://feeds.feedburner.com/~r/Slashdot/slashdot/~4/KTjHgFLmyis"" height=""1"" width=""1""/>"
Renewable energy rorts probed (The Australian),http://news.feedzilla.com/en_us/stories/science/404988386?client_source=api&format=json,"ALMOST 150 suspected rorts of the Gillard government's Renewable Energy Target
scheme were reported to the regulator last year.

"
Researcher Finds Tor Exit Node Adding Malware To Downloads,http://rss.slashdot.org/~r/Slashdot/slashdot/~3/kA3Ji95iafk/story01.htm,"Trailrunner7 writes: A security researcher has identified a Tor exit node that was actively patching binaries users download, adding malware to the files dynamically. The discovery, experts say, highlights the danger of trusting files downloaded from unknown sources and the potential for attackers to abuse the trust users have in Tor and similar services. Josh Pitts of Leviathan Security Group ran across the misbehaving Tor exit node while performing some research on download servers that might be patching binaries during download through a man-in-the middle attack. What Pitts found during his research is that an attacker with a MITM position can actively patch binaries&ndash;if not security updates&ndash;with his own code. In terms of defending against the sort of attack, Pitts suggested that encrypted download channels are the best option, both for users and site operators. ""SSL/TLSis the only way to prevent this from happening. End-users may want to consider installing HTTPS Everywhere or similar plugins for their browser to help ensure their traffic is always encrypted,"" he said via email.<p><div class=""share_submission"" style=""position:relative;""> <a class=""slashpop"" href=""http://twitter.com/home?status=Researcher+Finds+Tor+Exit+Node+Adding+Malware+To+Downloads%3A+http%3A%2F%2Fbit.ly%2F1tsUiGF""><img src=""http://a.fsdn.com/sd/twitter_icon_large.png""></a> <a class=""slashpop"" href=""http://www.facebook.com/sharer.php?u=http%3A%2F%2Fit.slashdot.org%2Fstory%2F14%2F10%2F24%2F186223%2Fresearcher-finds-tor-exit-node-adding-malware-to-downloads%3Futm_source%3Dslashdot%26utm_medium%3Dfacebook""><img src=""http://a.fsdn.com/sd/facebook_icon_large.png""></a> <a class=""nobg"" href=""http://plus.google.com/share?url=http://it.slashdot.org/story/14/10/24/186223/researcher-finds-tor-exit-node-adding-malware-to-downloads?utm_source=slashdot&amp;utm_medium=googleplus"" onclick=""javascript:window.open(this.href,'', 'menubar=no,toolbar=no,resizable=yes,scrollbars=yes,height=600,width=600');return false;""><img src=""http://www.gstatic.com/images/icons/gplus-16.png"" alt=""Share on Google+""/></a> </div></p><p><a href=""http://it.slashdot.org/story/14/10/24/186223/researcher-finds-tor-exit-node-adding-malware-to-downloads?utm_source=rss1.0moreanon&amp;utm_medium=feed"">Read more of this story</a> at Slashdot.</p><iframe src=""http://slashdot.org/slashdot-it.pl?op=discuss&amp;id=5868197&amp;smallembed=1"" style=""height: 300px; width: 100%; border: none;""></iframe><img width='1' height='1' src='http://slashdot.feedsportal.com/c/35028/f/647410/s/3fcd870d/sc/4/mf.gif' border='0'/><br clear='all'/><br/><br/><a href=""http://da.feedsportal.com/r/211596825458/u/49/f/647410/c/35028/s/3fcd870d/sc/4/rc/1/rc.htm"" rel=""nofollow""><img src=""http://da.feedsportal.com/r/211596825458/u/49/f/647410/c/35028/s/3fcd870d/sc/4/rc/1/rc.img"" border=""0""/></a><br/><a href=""http://da.feedsportal.com/r/211596825458/u/49/f/647410/c/35028/s/3fcd870d/sc/4/rc/2/rc.htm"" rel=""nofollow""><img src=""http://da.feedsportal.com/r/211596825458/u/49/f/647410/c/35028/s/3fcd870d/sc/4/rc/2/rc.img"" border=""0""/></a><br/><a href=""http://da.feedsportal.com/r/211596825458/u/49/f/647410/c/35028/s/3fcd870d/sc/4/rc/3/rc.htm"" rel=""nofollow""><img src=""http://da.feedsportal.com/r/211596825458/u/49/f/647410/c/35028/s/3fcd870d/sc/4/rc/3/rc.img"" border=""0""/></a><br/><br/><a href=""http://da.feedsportal.com/r/211596825458/u/49/f/647410/c/35028/s/3fcd870d/sc/4/a2.htm""><img src=""http://da.feedsportal.com/r/211596825458/u/49/f/647410/c/35028/s/3fcd870d/sc/4/a2.img"" border=""0""/></a><img width=""1"" height=""1"" src=""http://pi.feedsportal.com/r/211596825458/u/49/f/647410/c/35028/s/3fcd870d/sc/4/a2t.img"" border=""0""/><img src=""http://feeds.feedburner.com/~r/Slashdot/slashdot/~4/kA3Ji95iafk"" height=""1"" width=""1""/>"
Researchers Develop Combinatorial Chemistry For Molecular Electronics (pubs.acs),http://news.feedzilla.com/en_us/stories/science/405018369?client_source=api&format=json,"Surface Chemistry: New strategy offers rapid route to making novel
macromolecules on surfaces that could be used as wires or transistors in
devices

"
SMART Begins Live Public Robocar Tests In Singapore,http://rss.slashdot.org/~r/Slashdot/slashdot/~3/dfPDum9l3J4/story01.htm,"Hallie Siegel writes Robocar R&amp;D is moving fast in Singapore, and this week, the National University of Singapore (NUS) announced they will be doing a live public demo of their autonomous golf carts over a course with 10 stops in the Singapore Chinese and Japanese Gardens. The public will be able to book rides online, and then summon and direct the vehicles with their phones. The vehicles will have a touch tablet where the steering wheel will go. Rides will be free, and will take place Oct. 23-25, Oct. 30-31 and Nov. 1.<p><div class=""share_submission"" style=""position:relative;""> <a class=""slashpop"" href=""http://twitter.com/home?status=SMART+Begins+Live+Public+Robocar+Tests+In+Singapore%3A+http%3A%2F%2Fbit.ly%2F12lzkzn""><img src=""http://a.fsdn.com/sd/twitter_icon_large.png""></a> <a class=""slashpop"" href=""http://www.facebook.com/sharer.php?u=http%3A%2F%2Ftech.slashdot.org%2Fstory%2F14%2F10%2F23%2F2212233%2Fsmart-begins-live-public-robocar-tests-in-singapore%3Futm_source%3Dslashdot%26utm_medium%3Dfacebook""><img src=""http://a.fsdn.com/sd/facebook_icon_large.png""></a> <a class=""nobg"" href=""http://plus.google.com/share?url=http://tech.slashdot.org/story/14/10/23/2212233/smart-begins-live-public-robocar-tests-in-singapore?utm_source=slashdot&amp;utm_medium=googleplus"" onclick=""javascript:window.open(this.href,'', 'menubar=no,toolbar=no,resizable=yes,scrollbars=yes,height=600,width=600');return false;""><img src=""http://www.gstatic.com/images/icons/gplus-16.png"" alt=""Share on Google+""/></a> </div></p><p><a href=""http://tech.slashdot.org/story/14/10/23/2212233/smart-begins-live-public-robocar-tests-in-singapore?utm_source=rss1.0moreanon&amp;utm_medium=feed"">Read more of this story</a> at Slashdot.</p><iframe src=""http://slashdot.org/slashdot-it.pl?op=discuss&amp;id=5865043&amp;smallembed=1"" style=""height: 300px; width: 100%; border: none;""></iframe><img width='1' height='1' src='http://slashdot.feedsportal.com/c/35028/f/647410/s/3fc587fd/sc/10/mf.gif' border='0'/><br clear='all'/><br/><br/><a href=""http://da.feedsportal.com/r/211596792310/u/49/f/647410/c/35028/s/3fc587fd/sc/10/rc/1/rc.htm"" rel=""nofollow""><img src=""http://da.feedsportal.com/r/211596792310/u/49/f/647410/c/35028/s/3fc587fd/sc/10/rc/1/rc.img"" border=""0""/></a><br/><a href=""http://da.feedsportal.com/r/211596792310/u/49/f/647410/c/35028/s/3fc587fd/sc/10/rc/2/rc.htm"" rel=""nofollow""><img src=""http://da.feedsportal.com/r/211596792310/u/49/f/647410/c/35028/s/3fc587fd/sc/10/rc/2/rc.img"" border=""0""/></a><br/><a href=""http://da.feedsportal.com/r/211596792310/u/49/f/647410/c/35028/s/3fc587fd/sc/10/rc/3/rc.htm"" rel=""nofollow""><img src=""http://da.feedsportal.com/r/211596792310/u/49/f/647410/c/35028/s/3fc587fd/sc/10/rc/3/rc.img"" border=""0""/></a><br/><br/><a href=""http://da.feedsportal.com/r/211596792310/u/49/f/647410/c/35028/s/3fc587fd/sc/10/a2.htm""><img src=""http://da.feedsportal.com/r/211596792310/u/49/f/647410/c/35028/s/3fc587fd/sc/10/a2.img"" border=""0""/></a><img width=""1"" height=""1"" src=""http://pi.feedsportal.com/r/211596792310/u/49/f/647410/c/35028/s/3fc587fd/sc/10/a2t.img"" border=""0""/><img src=""http://feeds.feedburner.com/~r/Slashdot/slashdot/~4/dfPDum9l3J4"" height=""1"" width=""1""/>"
Secretive Funding Fuels Ongoing Net Neutrality Astroturfing Controversy,http://rss.slashdot.org/~r/Slashdot/slashdot/~3/ImBfTP1Qz7k/story01.htm,"alphadogg writes: The contentious debate about net neutrality in the U.S. has sparked controversy over a lack of funding transparency for advocacy groups and think tanks, which critics say subverts the political process. News stories from a handful of publications in recent months have accused some think tanks and advocacy groups of ""astroturfing"" &mdash; quietly shilling for large broadband carriers. In a handful of cases, those criticisms appear to have some merit, although the term is so overused by people looking to discredit political opponents that it has nearly lost its original meaning. An IDG News Service investigation found that major groups opposing U.S. Federal Communications Commission reclassification and regulation of broadband as a public utility tend to be less transparent about their funding than the other side. Still, some big-name advocates of strong net neutrality rules also have limited transparency mechanisms in place.<p><div class=""share_submission"" style=""position:relative;""> <a class=""slashpop"" href=""http://twitter.com/home?status=Secretive+Funding+Fuels+Ongoing+Net+Neutrality+Astroturfing+Controversy%3A+http%3A%2F%2Fbit.ly%2F1w0ifWE""><img src=""http://a.fsdn.com/sd/twitter_icon_large.png""></a> <a class=""slashpop"" href=""http://www.facebook.com/sharer.php?u=http%3A%2F%2Ftech.slashdot.org%2Fstory%2F14%2F10%2F24%2F1956243%2Fsecretive-funding-fuels-ongoing-net-neutrality-astroturfing-controversy%3Futm_source%3Dslashdot%26utm_medium%3Dfacebook""><img src=""http://a.fsdn.com/sd/facebook_icon_large.png""></a> <a class=""nobg"" href=""http://plus.google.com/share?url=http://tech.slashdot.org/story/14/10/24/1956243/secretive-funding-fuels-ongoing-net-neutrality-astroturfing-controversy?utm_source=slashdot&amp;utm_medium=googleplus"" onclick=""javascript:window.open(this.href,'', 'menubar=no,toolbar=no,resizable=yes,scrollbars=yes,height=600,width=600');return false;""><img src=""http://www.gstatic.com/images/icons/gplus-16.png"" alt=""Share on Google+""/></a> </div></p><p><a href=""http://tech.slashdot.org/story/14/10/24/1956243/secretive-funding-fuels-ongoing-net-neutrality-astroturfing-controversy?utm_source=rss1.0moreanon&amp;utm_medium=feed"">Read more of this story</a> at Slashdot.</p><iframe src=""http://slashdot.org/slashdot-it.pl?op=discuss&amp;id=5868543&amp;smallembed=1"" style=""height: 300px; width: 100%; border: none;""></iframe><img width='1' height='1' src='http://slashdot.feedsportal.com/c/35028/f/647410/s/3fcdf36a/sc/1/mf.gif' border='0'/><br clear='all'/><br/><br/><a href=""http://da.feedsportal.com/r/211596855780/u/49/f/647410/c/35028/s/3fcdf36a/sc/1/rc/1/rc.htm"" rel=""nofollow""><img src=""http://da.feedsportal.com/r/211596855780/u/49/f/647410/c/35028/s/3fcdf36a/sc/1/rc/1/rc.img"" border=""0""/></a><br/><a href=""http://da.feedsportal.com/r/211596855780/u/49/f/647410/c/35028/s/3fcdf36a/sc/1/rc/2/rc.htm"" rel=""nofollow""><img src=""http://da.feedsportal.com/r/211596855780/u/49/f/647410/c/35028/s/3fcdf36a/sc/1/rc/2/rc.img"" border=""0""/></a><br/><a href=""http://da.feedsportal.com/r/211596855780/u/49/f/647410/c/35028/s/3fcdf36a/sc/1/rc/3/rc.htm"" rel=""nofollow""><img src=""http://da.feedsportal.com/r/211596855780/u/49/f/647410/c/35028/s/3fcdf36a/sc/1/rc/3/rc.img"" border=""0""/></a><br/><br/><a href=""http://da.feedsportal.com/r/211596855780/u/49/f/647410/c/35028/s/3fcdf36a/sc/1/a2.htm""><img src=""http://da.feedsportal.com/r/211596855780/u/49/f/647410/c/35028/s/3fcdf36a/sc/1/a2.img"" border=""0""/></a><img width=""1"" height=""1"" src=""http://pi.feedsportal.com/r/211596855780/u/49/f/647410/c/35028/s/3fcdf36a/sc/1/a2t.img"" border=""0""/><img src=""http://feeds.feedburner.com/~r/Slashdot/slashdot/~4/ImBfTP1Qz7k"" height=""1"" width=""1""/>"
Simply Shining a Light Can Reveal the Brain's Structure (Scientific American),http://news.feedzilla.com/en_us/stories/science/405908640?client_source=api&format=json,"This blog is the fifth in a series of guest posts on technology and the brain
to celebrate Scientific American Mind's 10-year anniversary.


-- Read more on ScientificAmerican.com

"
Stem Cells Grown From Patient's Arm Used To Replace Retina,http://rss.slashdot.org/~r/Slashdot/slashdot/~3/wBgHLdQwmBY/story01.htm,"BarbaraHudson writes: The Globe and Mail is reporting the success of a procedure to implant a replacement retina grown from cells from the patient's skin. Quoting: ""Transplant doctors are stepping gingerly into a new world, one month after a Japanese woman received the first-ever tissue transplant using stem cells that came from her own skin, not an embryo. On Sept. 12, doctors in a Kobe hospital replaced the retina of a 70-year-old woman suffering from macular degeneration, the leading cause of blindness in the developed world. The otherwise routine surgery was radical because scientists had grown the replacement retina in a petri dish, using skin scraped from the patient's arm. The Japanese woman is fine and her retinal implant remains in place. Researchers around the world are now hoping to test other stem-cell-derived tissues in therapy. Dr. Jeanne Loring from the Scripps Research Institute in La Jolla, Calif., expects to get approval within a few years to see whether neurons derived from stem cells can be used to treat Parkinson's disease.""<p><div class=""share_submission"" style=""position:relative;""> <a class=""slashpop"" href=""http://twitter.com/home?status=Stem+Cells+Grown+From+Patient's+Arm+Used+To+Replace+Retina%3A+http%3A%2F%2Fbit.ly%2F1FM8Ypp""><img src=""http://a.fsdn.com/sd/twitter_icon_large.png""></a> <a class=""slashpop"" href=""http://www.facebook.com/sharer.php?u=http%3A%2F%2Fscience.slashdot.org%2Fstory%2F14%2F10%2F24%2F1240229%2Fstem-cells-grown-from-patients-arm-used-to-replace-retina%3Futm_source%3Dslashdot%26utm_medium%3Dfacebook""><img src=""http://a.fsdn.com/sd/facebook_icon_large.png""></a> <a class=""nobg"" href=""http://plus.google.com/share?url=http://science.slashdot.org/story/14/10/24/1240229/stem-cells-grown-from-patients-arm-used-to-replace-retina?utm_source=slashdot&amp;utm_medium=googleplus"" onclick=""javascript:window.open(this.href,'', 'menubar=no,toolbar=no,resizable=yes,scrollbars=yes,height=600,width=600');return false;""><img src=""http://www.gstatic.com/images/icons/gplus-16.png"" alt=""Share on Google+""/></a> </div></p><p><a href=""http://science.slashdot.org/story/14/10/24/1240229/stem-cells-grown-from-patients-arm-used-to-replace-retina?utm_source=rss1.0moreanon&amp;utm_medium=feed"">Read more of this story</a> at Slashdot.</p><iframe src=""http://slashdot.org/slashdot-it.pl?op=discuss&amp;id=5867273&amp;smallembed=1"" style=""height: 300px; width: 100%; border: none;""></iframe><img width='1' height='1' src='http://slashdot.feedsportal.com/c/35028/f/647410/s/3fcaba4d/sc/14/mf.gif' border='0'/><br clear='all'/><br/><br/><a href=""http://da.feedsportal.com/r/211596815770/u/49/f/647410/c/35028/s/3fcaba4d/sc/14/rc/1/rc.htm"" rel=""nofollow""><img src=""http://da.feedsportal.com/r/211596815770/u/49/f/647410/c/35028/s/3fcaba4d/sc/14/rc/1/rc.img"" border=""0""/></a><br/><a href=""http://da.feedsportal.com/r/211596815770/u/49/f/647410/c/35028/s/3fcaba4d/sc/14/rc/2/rc.htm"" rel=""nofollow""><img src=""http://da.feedsportal.com/r/211596815770/u/49/f/647410/c/35028/s/3fcaba4d/sc/14/rc/2/rc.img"" border=""0""/></a><br/><a href=""http://da.feedsportal.com/r/211596815770/u/49/f/647410/c/35028/s/3fcaba4d/sc/14/rc/3/rc.htm"" rel=""nofollow""><img src=""http://da.feedsportal.com/r/211596815770/u/49/f/647410/c/35028/s/3fcaba4d/sc/14/rc/3/rc.img"" border=""0""/></a><br/><br/><a href=""http://da.feedsportal.com/r/211596815770/u/49/f/647410/c/35028/s/3fcaba4d/sc/14/a2.htm""><img src=""http://da.feedsportal.com/r/211596815770/u/49/f/647410/c/35028/s/3fcaba4d/sc/14/a2.img"" border=""0""/></a><img width=""1"" height=""1"" src=""http://pi.feedsportal.com/r/211596815770/u/49/f/647410/c/35028/s/3fcaba4d/sc/14/a2t.img"" border=""0""/><img src=""http://feeds.feedburner.com/~r/Slashdot/slashdot/~4/wBgHLdQwmBY"" height=""1"" width=""1""/>"
Stewards of the Stream: When Citizen Science Meets Water Quality (Discover Magazine),http://news.feedzilla.com/en_us/stories/science/405240025?client_source=api&format=json,"Spencer Towle is a senior at Cate School in Carpinteria. As we walk down to a
bioswale on the campus, this San Francisco native with a head of unruly brown
hair describes his first year as a member of the Cate School Stream Team, “A
senior took us through all the instruments and showed us how to work them, and
what we were sampling for. That made Stream Team a lot more real for me. We
weren’t just dipping instruments into the water and reading the numbers—I
really learned the purpose behind it

"
Stone tools show ancient settlement high in Andes (The Arizona Republic),http://news.feedzilla.com/en_us/stories/science/404987966?client_source=api&format=json,"NEW YORK (AP) -- The air was thin, the nights were cold, the sun could easily
burn the skin. But about 12,000 years ago, small groups of hunter-gatherers
found a home very high up in the Peruvian Andes....

"
Tech Firm Fined For Paying Imported Workers $1.21 Per Hour,http://rss.slashdot.org/~r/Slashdot/slashdot/~3/Y7dF01oU_5U/story01.htm,"An anonymous reader sends in news about a company that was fined for flying in ""about eight employees"" from India to work 120-hour weeks for $1.21 per hour. Electronics for Imaging paid several employees from India as little as $1.21 an hour to help install computer systems at the company's Fremont headquarters, federal labor officials said Wednesday. ""We are not going to tolerate this kind of behavior from employers,"" said Susana Blanco, district director of the U.S. Labor Department's wage and hour division in San Francisco.... An anonymous tip prompted the U.S. Department of Labor to investigate the case, which resulted in more than $40,000 in back wages paid to the eight employees and a fine of $3,500 for Electronics for Imaging.<p><div class=""share_submission"" style=""position:relative;""> <a class=""slashpop"" href=""http://twitter.com/home?status=Tech+Firm+Fined+For+Paying+Imported+Workers+%241.21+Per+Hour%3A+http%3A%2F%2Fbit.ly%2F1yr9jZN""><img src=""http://a.fsdn.com/sd/twitter_icon_large.png""></a> <a class=""slashpop"" href=""http://www.facebook.com/sharer.php?u=http%3A%2F%2Fyro.slashdot.org%2Fstory%2F14%2F10%2F23%2F223202%2Ftech-firm-fined-for-paying-imported-workers-121-per-hour%3Futm_source%3Dslashdot%26utm_medium%3Dfacebook""><img src=""http://a.fsdn.com/sd/facebook_icon_large.png""></a> <a class=""nobg"" href=""http://plus.google.com/share?url=http://yro.slashdot.org/story/14/10/23/223202/tech-firm-fined-for-paying-imported-workers-121-per-hour?utm_source=slashdot&amp;utm_medium=googleplus"" onclick=""javascript:window.open(this.href,'', 'menubar=no,toolbar=no,resizable=yes,scrollbars=yes,height=600,width=600');return false;""><img src=""http://www.gstatic.com/images/icons/gplus-16.png"" alt=""Share on Google+""/></a> </div></p><p><a href=""http://yro.slashdot.org/story/14/10/23/223202/tech-firm-fined-for-paying-imported-workers-121-per-hour?utm_source=rss1.0moreanon&amp;utm_medium=feed"">Read more of this story</a> at Slashdot.</p><iframe src=""http://slashdot.org/slashdot-it.pl?op=discuss&amp;id=5865019&amp;smallembed=1"" style=""height: 300px; width: 100%; border: none;""></iframe><img width='1' height='1' src='http://slashdot.feedsportal.com/c/35028/f/647410/s/3fc50482/sc/21/mf.gif' border='0'/><br clear='all'/><br/><br/><a href=""http://da.feedsportal.com/r/211596791088/u/49/f/647410/c/35028/s/3fc50482/sc/21/rc/1/rc.htm"" rel=""nofollow""><img src=""http://da.feedsportal.com/r/211596791088/u/49/f/647410/c/35028/s/3fc50482/sc/21/rc/1/rc.img"" border=""0""/></a><br/><a href=""http://da.feedsportal.com/r/211596791088/u/49/f/647410/c/35028/s/3fc50482/sc/21/rc/2/rc.htm"" rel=""nofollow""><img src=""http://da.feedsportal.com/r/211596791088/u/49/f/647410/c/35028/s/3fc50482/sc/21/rc/2/rc.img"" border=""0""/></a><br/><a href=""http://da.feedsportal.com/r/211596791088/u/49/f/647410/c/35028/s/3fc50482/sc/21/rc/3/rc.htm"" rel=""nofollow""><img src=""http://da.feedsportal.com/r/211596791088/u/49/f/647410/c/35028/s/3fc50482/sc/21/rc/3/rc.img"" border=""0""/></a><br/><br/><a href=""http://da.feedsportal.com/r/211596791088/u/49/f/647410/c/35028/s/3fc50482/sc/21/a2.htm""><img src=""http://da.feedsportal.com/r/211596791088/u/49/f/647410/c/35028/s/3fc50482/sc/21/a2.img"" border=""0""/></a><img width=""1"" height=""1"" src=""http://pi.feedsportal.com/r/211596791088/u/49/f/647410/c/35028/s/3fc50482/sc/21/a2t.img"" border=""0""/><img src=""http://feeds.feedburner.com/~r/Slashdot/slashdot/~4/Y7dF01oU_5U"" height=""1"" width=""1""/>"
The Ebola Outbreak: Hopeful News from the Front Lines (bioethicscom),http://news.feedzilla.com/en_us/stories/science/405919268?client_source=api&format=json,"(Scientific American) - What we found was surprising. While a great deal of
work remains to be done, the inertia and disbelief that characterized the
early reaction to the outbreak has largely disappeared. Sierra Leoneans, with
the help of a … Read More

"
This Is the Very First Photo of Earth From Space (Universe Today),http://news.feedzilla.com/en_us/stories/science/405888363?client_source=api&format=json,"These days we see photos of our planet taken from space literally every day.
Astronauts living aboard the International Space Station, weather and Earth-
observing satellites in various orbits, even distant spacecraft exploring
other planets in our Solar System… all have captured images of Earth from both
near and far. But there was a time not that long […]

"
Tracking a Bitcoin Thief,http://rss.slashdot.org/~r/Slashdot/slashdot/~3/bxbOJQnbAGc/story01.htm,"An anonymous reader writes A small group of researchers were able to publish an investigative report on the hacking of a popular Bitcoin exchange earlier this year by the name of CryptoRush.in. Close to a million dollars stolen in crypto currency lead the group to discover evidence, track down the attacker and put together a timeline of what exactly happened. A captivating read for a community desensitized by thefts, hackings and lack of reporting. With pictures, and logs to prove it all.<p><div class=""share_submission"" style=""position:relative;""> <a class=""slashpop"" href=""http://twitter.com/home?status=Tracking+a+Bitcoin+Thief%3A+http%3A%2F%2Fbit.ly%2F1yrIV1R""><img src=""http://a.fsdn.com/sd/twitter_icon_large.png""></a> <a class=""slashpop"" href=""http://www.facebook.com/sharer.php?u=http%3A%2F%2Fyro.slashdot.org%2Fstory%2F14%2F10%2F23%2F2216201%2Ftracking-a-bitcoin-thief%3Futm_source%3Dslashdot%26utm_medium%3Dfacebook""><img src=""http://a.fsdn.com/sd/facebook_icon_large.png""></a> <a class=""nobg"" href=""http://plus.google.com/share?url=http://yro.slashdot.org/story/14/10/23/2216201/tracking-a-bitcoin-thief?utm_source=slashdot&amp;utm_medium=googleplus"" onclick=""javascript:window.open(this.href,'', 'menubar=no,toolbar=no,resizable=yes,scrollbars=yes,height=600,width=600');return false;""><img src=""http://www.gstatic.com/images/icons/gplus-16.png"" alt=""Share on Google+""/></a> </div></p><p><a href=""http://yro.slashdot.org/story/14/10/23/2216201/tracking-a-bitcoin-thief?utm_source=rss1.0moreanon&amp;utm_medium=feed"">Read more of this story</a> at Slashdot.</p><iframe src=""http://slashdot.org/slashdot-it.pl?op=discuss&amp;id=5865049&amp;smallembed=1"" style=""height: 300px; width: 100%; border: none;""></iframe><img width='1' height='1' src='http://slashdot.feedsportal.com/c/35028/f/647410/s/3fc6666e/sc/36/mf.gif' border='0'/><br clear='all'/><br/><br/><a href=""http://da.feedsportal.com/r/211596796813/u/49/f/647410/c/35028/s/3fc6666e/sc/36/rc/1/rc.htm"" rel=""nofollow""><img src=""http://da.feedsportal.com/r/211596796813/u/49/f/647410/c/35028/s/3fc6666e/sc/36/rc/1/rc.img"" border=""0""/></a><br/><a href=""http://da.feedsportal.com/r/211596796813/u/49/f/647410/c/35028/s/3fc6666e/sc/36/rc/2/rc.htm"" rel=""nofollow""><img src=""http://da.feedsportal.com/r/211596796813/u/49/f/647410/c/35028/s/3fc6666e/sc/36/rc/2/rc.img"" border=""0""/></a><br/><a href=""http://da.feedsportal.com/r/211596796813/u/49/f/647410/c/35028/s/3fc6666e/sc/36/rc/3/rc.htm"" rel=""nofollow""><img src=""http://da.feedsportal.com/r/211596796813/u/49/f/647410/c/35028/s/3fc6666e/sc/36/rc/3/rc.img"" border=""0""/></a><br/><br/><a href=""http://da.feedsportal.com/r/211596796813/u/49/f/647410/c/35028/s/3fc6666e/sc/36/a2.htm""><img src=""http://da.feedsportal.com/r/211596796813/u/49/f/647410/c/35028/s/3fc6666e/sc/36/a2.img"" border=""0""/></a><img width=""1"" height=""1"" src=""http://pi.feedsportal.com/r/211596796813/u/49/f/647410/c/35028/s/3fc6666e/sc/36/a2t.img"" border=""0""/><img src=""http://feeds.feedburner.com/~r/Slashdot/slashdot/~4/bxbOJQnbAGc"" height=""1"" width=""1""/>"
Verizon Injects Unique IDs Into HTTP Traffic,http://rss.slashdot.org/~r/Slashdot/slashdot/~3/CEGMarQTSDg/story01.htm,"An anonymous reader writes: Verizon Wireless, the nation's largest wireless carrier, is now also a real-time data broker. According to a security researcher at Stanford, Big Red has been adding a unique identifier to web traffic. The purpose of the identifier is advertisement targeting, which is bad enough. But the design of the system also functions as a 'supercookie' for any website that a subscriber visits. ""Any website can easily track a user, regardless of cookie blocking and other privacy protections. No relationship with Verizon is required. ...while Verizon offers privacy settings, they don&rsquo;t prevent sending the X-UIDH header. All they do, seemingly, is prevent Verizon from selling information about a user."" Just like they said they would.<p><div class=""share_submission"" style=""position:relative;""> <a class=""slashpop"" href=""http://twitter.com/home?status=Verizon+Injects+Unique+IDs+Into+HTTP+Traffic%3A+http%3A%2F%2Fbit.ly%2F1oD4xYM""><img src=""http://a.fsdn.com/sd/twitter_icon_large.png""></a> <a class=""slashpop"" href=""http://www.facebook.com/sharer.php?u=http%3A%2F%2Fyro.slashdot.org%2Fstory%2F14%2F10%2F24%2F2052218%2Fverizon-injects-unique-ids-into-http-traffic%3Futm_source%3Dslashdot%26utm_medium%3Dfacebook""><img src=""http://a.fsdn.com/sd/facebook_icon_large.png""></a> <a class=""nobg"" href=""http://plus.google.com/share?url=http://yro.slashdot.org/story/14/10/24/2052218/verizon-injects-unique-ids-into-http-traffic?utm_source=slashdot&amp;utm_medium=googleplus"" onclick=""javascript:window.open(this.href,'', 'menubar=no,toolbar=no,resizable=yes,scrollbars=yes,height=600,width=600');return false;""><img src=""http://www.gstatic.com/images/icons/gplus-16.png"" alt=""Share on Google+""/></a> </div></p><p><a href=""http://yro.slashdot.org/story/14/10/24/2052218/verizon-injects-unique-ids-into-http-traffic?utm_source=rss1.0moreanon&amp;utm_medium=feed"">Read more of this story</a> at Slashdot.</p><iframe src=""http://slashdot.org/slashdot-it.pl?op=discuss&amp;id=5868703&amp;smallembed=1"" style=""height: 300px; width: 100%; border: none;""></iframe><img width='1' height='1' src='http://slashdot.feedsportal.com/c/35028/f/647410/s/3fce83a7/sc/4/mf.gif' border='0'/><br clear='all'/><br/><br/><a href=""http://da.feedsportal.com/r/211596828459/u/49/f/647410/c/35028/s/3fce83a7/sc/4/rc/1/rc.htm"" rel=""nofollow""><img src=""http://da.feedsportal.com/r/211596828459/u/49/f/647410/c/35028/s/3fce83a7/sc/4/rc/1/rc.img"" border=""0""/></a><br/><a href=""http://da.feedsportal.com/r/211596828459/u/49/f/647410/c/35028/s/3fce83a7/sc/4/rc/2/rc.htm"" rel=""nofollow""><img src=""http://da.feedsportal.com/r/211596828459/u/49/f/647410/c/35028/s/3fce83a7/sc/4/rc/2/rc.img"" border=""0""/></a><br/><a href=""http://da.feedsportal.com/r/211596828459/u/49/f/647410/c/35028/s/3fce83a7/sc/4/rc/3/rc.htm"" rel=""nofollow""><img src=""http://da.feedsportal.com/r/211596828459/u/49/f/647410/c/35028/s/3fce83a7/sc/4/rc/3/rc.img"" border=""0""/></a><br/><br/><a href=""http://da.feedsportal.com/r/211596828459/u/49/f/647410/c/35028/s/3fce83a7/sc/4/a2.htm""><img src=""http://da.feedsportal.com/r/211596828459/u/49/f/647410/c/35028/s/3fce83a7/sc/4/a2.img"" border=""0""/></a><img width=""1"" height=""1"" src=""http://pi.feedsportal.com/r/211596828459/u/49/f/647410/c/35028/s/3fce83a7/sc/4/a2t.img"" border=""0""/><img src=""http://feeds.feedburner.com/~r/Slashdot/slashdot/~4/CEGMarQTSDg"" height=""1"" width=""1""/>"
World first: “dead heart” successfully transplanted at Australian hospital (Science Alert),http://news.feedzilla.com/en_us/stories/science/405804762?client_source=api&format=json,"In a game-changing breakthrough, Australian surgeons have successfully
performed a heart transplant with a heart that had stopped beating.

"
cerebral folate transport deficiency (US NLM),http://news.feedzilla.com/en_us/stories/science/405003829?client_source=api&format=json,"Cerebral folate transport deficiency and its relationship with gene FOLR1 have
been added to Genetics Home Reference. Web links to MedlinePlus, NIH
publications, patient support web sites, Genetic Testing Registry,
ClinicalTrials.gov, and OMIM are included.

"
